data,valor_aprovado,regressao_linear,ridge,random_forest,gradient_boosting
2025-07-01,406090370.51,373774264.9864453,366846738.22374153,388254067.39603376,393167770.34785557
2025-08-01,394232835.81,375218449.1767193,368192640.0625228,387908144.9120665,393167770.34785557
2025-09-01,395718441.83,376526036.21544564,369418272.31677485,385367215.87043935,381455972.2560197
2025-10-01,411650546.75,377806317.61810136,370629123.5222428,385844111.1213938,393167770.34785557
2025-11-01,382184403.39,379175901.42329764,371934642.784757,386313336.1683039,392557522.75448847
2025-12-01,417980005.06,380727467.1630027,373418912.98071325,386312313.58400536,394800770.7217981
2026-01-01,407396857.47,379586084.8123971,372053745.5636885,385525243.3067431,395733541.945697
2026-02-01,369527943.05,381572837.6767698,373946485.38344634,383834601.53891736,382418848.5735763
2026-03-01,412089732.61,383696187.69269013,375959494.78773355,384284439.0170542,394235220.6056136
2026-04-01,396764540.54,385846843.3446811,377987285.2408048,386963923.0425849,388580949.736509
2026-05-01,426565867.1,387908196.59413147,379920407.63682973,389192170.8954315,394394232.7618542
2026-06-01,409258364.78,389787567.90907305,381674779.0994127,387982117.97356516,378255664.6582012
