data,ano,mes,mes_nome,grupo_procedimento,valor_aprovado,qtd_aprovada,custo_medio
2015-01-01,2015,1,Janeiro,03 Procedimentos clinicos,204236863.31,1134908.0,179.95895994212748
2015-01-01,2015,1,Janeiro,04 Procedimentos cirurgicos,2263778.52,8646.0,261.8295766828591
2015-01-01,2015,1,Janeiro,"07 Orteses, proteses e materiais especiais",711467.86,6105.0,116.53855200655201
2015-02-01,2015,2,Fevereiro,03 Procedimentos clinicos,185496815.69,1030732.0,179.96609757919614
2015-02-01,2015,2,Fevereiro,04 Procedimentos cirurgicos,2166098.58,7945.0,272.63669981120205
2015-02-01,2015,2,Fevereiro,"07 Orteses, proteses e materiais especiais",654117.68,5458.0,119.84567240747528
2015-03-01,2015,3,Março,03 Procedimentos clinicos,201132083.11,1117519.0,179.980906910755
2015-03-01,2015,3,Março,04 Procedimentos cirurgicos,2405827.45,8612.0,279.35757663725036
2015-03-01,2015,3,Março,"07 Orteses, proteses e materiais especiais",719973.12,5843.0,123.2197706657539
2015-04-01,2015,4,Abril,03 Procedimentos clinicos,201079958.84,1117020.0,180.01464507349914
2015-04-01,2015,4,Abril,04 Procedimentos cirurgicos,2256967.69,8413.0,268.2714477594199
2015-04-01,2015,4,Abril,"07 Orteses, proteses e materiais especiais",695119.32,5859.0,118.64129032258063
2015-05-01,2015,5,Maio,03 Procedimentos clinicos,202127633.12,1122364.0,180.09098039495208
2015-05-01,2015,5,Maio,04 Procedimentos cirurgicos,2328106.75,8549.0,272.32503801614223
2015-05-01,2015,5,Maio,"07 Orteses, proteses e materiais especiais",723066.02,5923.0,122.07766672294446
2015-06-01,2015,6,Junho,03 Procedimentos clinicos,205764197.64,1123868.0,183.08573394740307
2015-06-01,2015,6,Junho,04 Procedimentos cirurgicos,2374303.36,8596.0,276.2102559329921
2015-06-01,2015,6,Junho,"07 Orteses, proteses e materiais especiais",700791.32,5895.0,118.8789346904156
2015-07-01,2015,7,Julho,03 Procedimentos clinicos,214275043.87,1167544.0,183.52631153087165
2015-07-01,2015,7,Julho,04 Procedimentos cirurgicos,2426464.18,8768.0,276.74089644160586
2015-07-01,2015,7,Julho,"07 Orteses, proteses e materiais especiais",693589.82,5945.0,116.66775777964675
2015-08-01,2015,8,Agosto,03 Procedimentos clinicos,207741397.22,1131144.0,183.65601304520027
2015-08-01,2015,8,Agosto,04 Procedimentos cirurgicos,2486536.55,8903.0,279.2919858474671
2015-08-01,2015,8,Agosto,"07 Orteses, proteses e materiais especiais",720428.88,5979.0,120.49320622177622
2015-09-01,2015,9,Setembro,03 Procedimentos clinicos,208504739.91,1134877.0,183.72452689586623
2015-09-01,2015,9,Setembro,04 Procedimentos cirurgicos,2466479.55,9087.0,271.4294651700231
2015-09-01,2015,9,Setembro,"07 Orteses, proteses e materiais especiais",732146.16,6276.0,116.6580879541109
2015-10-01,2015,10,Outubro,03 Procedimentos clinicos,216645200.83,1178176.0,183.8818655531941
2015-10-01,2015,10,Outubro,04 Procedimentos cirurgicos,2354120.65,8867.0,265.4923480320289
2015-10-01,2015,10,Outubro,"07 Orteses, proteses e materiais especiais",744727.02,6193.0,120.2530308412724
2015-11-01,2015,11,Novembro,03 Procedimentos clinicos,202512277.97,1100576.0,184.00571879633938
2015-11-01,2015,11,Novembro,04 Procedimentos cirurgicos,2311334.97,8497.0,272.0177674473344
2015-11-01,2015,11,Novembro,"07 Orteses, proteses e materiais especiais",728309.14,5875.0,123.96751319148936
2015-12-01,2015,12,Dezembro,03 Procedimentos clinicos,217277834.25,1181219.0,183.94373460806167
2015-12-01,2015,12,Dezembro,04 Procedimentos cirurgicos,2150163.33,8447.0,254.54757073517226
2015-12-01,2015,12,Dezembro,"07 Orteses, proteses e materiais especiais",700329.44,6120.0,114.43291503267973
2016-01-01,2016,1,Janeiro,03 Procedimentos clinicos,209502264.66,1138709.0,183.98226821777996
2016-01-01,2016,1,Janeiro,04 Procedimentos cirurgicos,2162805.46,8286.0,261.01924450881006
2016-01-01,2016,1,Janeiro,"07 Orteses, proteses e materiais especiais",699674.82,5910.0,118.38829441624365
2016-02-01,2016,2,Fevereiro,03 Procedimentos clinicos,203307674.33,1104848.0,184.0141579022635
2016-02-01,2016,2,Fevereiro,04 Procedimentos cirurgicos,2315337.71,8672.0,266.99004958487086
2016-02-01,2016,2,Fevereiro,"07 Orteses, proteses e materiais especiais",767372.26,6130.0,125.1830766721044
2016-03-01,2016,3,Março,03 Procedimentos clinicos,217615371.33,1183336.0,183.89989937769155
2016-03-01,2016,3,Março,04 Procedimentos cirurgicos,2454038.8,9169.0,267.6451957683499
2016-03-01,2016,3,Março,"07 Orteses, proteses e materiais especiais",795663.22,6425.0,123.83863346303501
2016-04-01,2016,4,Abril,03 Procedimentos clinicos,210785420.17,1145851.0,183.95534861862492
2016-04-01,2016,4,Abril,04 Procedimentos cirurgicos,2350664.2,8805.0,266.9692447473027
2016-04-01,2016,4,Abril,"07 Orteses, proteses e materiais especiais",793315.98,6234.0,127.25633301251203
2016-05-01,2016,5,Maio,03 Procedimentos clinicos,211188623.84,1148008.0,183.96093393077402
2016-05-01,2016,5,Maio,04 Procedimentos cirurgicos,2425055.85,8912.0,272.11129376122085
2016-05-01,2016,5,Maio,"07 Orteses, proteses e materiais especiais",748487.38,6135.0,122.00283292583538
2016-06-01,2016,6,Junho,03 Procedimentos clinicos,210643812.71,1145144.0,183.945261652683
2016-06-01,2016,6,Junho,04 Procedimentos cirurgicos,2447861.85,8816.0,277.6612806261343
2016-06-01,2016,6,Junho,"07 Orteses, proteses e materiais especiais",758678.84,6028.0,125.8591307232913
2016-07-01,2016,7,Julho,03 Procedimentos clinicos,211917965.61,1152037.0,183.950659232299
2016-07-01,2016,7,Julho,04 Procedimentos cirurgicos,2311782.35,8787.0,263.0911972231706
2016-07-01,2016,7,Julho,"07 Orteses, proteses e materiais especiais",770045.44,6268.0,122.85345245692405
2016-08-01,2016,8,Agosto,03 Procedimentos clinicos,220631449.2,1199239.0,183.97621258147873
2016-08-01,2016,8,Agosto,04 Procedimentos cirurgicos,2369623.46,8823.0,268.57343987305904
2016-08-01,2016,8,Agosto,"07 Orteses, proteses e materiais especiais",768198.56,6175.0,124.40462510121458
2016-09-01,2016,9,Setembro,03 Procedimentos clinicos,212783266.5,1156526.0,183.98485334527714
2016-09-01,2016,9,Setembro,04 Procedimentos cirurgicos,2389800.16,8735.0,273.58902804808247
2016-09-01,2016,9,Setembro,"07 Orteses, proteses e materiais especiais",745345.3,6022.0,123.77039189637995
2016-10-01,2016,10,Outubro,03 Procedimentos clinicos,213130248.54,1158455.0,183.97801255983183
2016-10-01,2016,10,Outubro,04 Procedimentos cirurgicos,2318535.36,8493.0,272.9936842105263
2016-10-01,2016,10,Outubro,"07 Orteses, proteses e materiais especiais",697365.76,5855.0,119.10602220324509
2016-11-01,2016,11,Novembro,03 Procedimentos clinicos,213622103.07,1161145.0,183.9753890082634
2016-11-01,2016,11,Novembro,04 Procedimentos cirurgicos,2347842.45,8641.0,271.7095764379123
2016-11-01,2016,11,Novembro,"07 Orteses, proteses e materiais especiais",714223.22,5967.0,119.6955287414111
2016-12-01,2016,12,Dezembro,03 Procedimentos clinicos,220891052.29,1201343.0,183.87009562631155
2016-12-01,2016,12,Dezembro,04 Procedimentos cirurgicos,2282149.93,8618.0,264.81201322812717
2016-12-01,2016,12,Dezembro,"07 Orteses, proteses e materiais especiais",732657.22,6084.0,120.42360618014463
2017-01-01,2017,1,Janeiro,03 Procedimentos clinicos,231335251.96,1166729.0,198.27676517854619
2017-01-01,2017,1,Janeiro,04 Procedimentos cirurgicos,2321479.53,8826.0,263.02736573759347
2017-01-01,2017,1,Janeiro,"07 Orteses, proteses e materiais especiais",745517.58,6231.0,119.64653827636013
2017-02-01,2017,2,Fevereiro,03 Procedimentos clinicos,214997998.67,1084264.0,198.28934527937844
2017-02-01,2017,2,Fevereiro,04 Procedimentos cirurgicos,2229961.52,8179.0,272.6447634185108
2017-02-01,2017,2,Fevereiro,"07 Orteses, proteses e materiais especiais",707215.4,5646.0,125.25954658165072
2017-03-01,2017,3,Março,03 Procedimentos clinicos,242036067.01,1220641.0,198.28603742623753
2017-03-01,2017,3,Março,04 Procedimentos cirurgicos,2604816.68,9399.0,277.13764017448665
2017-03-01,2017,3,Março,"07 Orteses, proteses e materiais especiais",807109.86,6447.0,125.19154025127966
2017-04-01,2017,4,Abril,03 Procedimentos clinicos,224785103.2,1134012.0,198.22109748397722
2017-04-01,2017,4,Abril,04 Procedimentos cirurgicos,2206376.89,8356.0,264.0470189085687
2017-04-01,2017,4,Abril,"07 Orteses, proteses e materiais especiais",715426.78,5934.0,120.56400067408157
2017-05-01,2017,5,Maio,03 Procedimentos clinicos,243289355.04,1226857.0,198.3029440594951
2017-05-01,2017,5,Maio,04 Procedimentos cirurgicos,2485952.31,9253.0,268.6644666594618
2017-05-01,2017,5,Maio,"07 Orteses, proteses e materiais especiais",818210.4,6483.0,126.2086071263304
2017-06-01,2017,6,Junho,03 Procedimentos clinicos,234598230.87,1183071.0,198.29598635246745
2017-06-01,2017,6,Junho,04 Procedimentos cirurgicos,2515951.13,9230.0,272.5840877573131
2017-06-01,2017,6,Junho,"07 Orteses, proteses e materiais especiais",829717.22,6435.0,128.93818492618493
2017-07-01,2017,7,Julho,03 Procedimentos clinicos,235581960.9,1188187.0,198.27010470574078
2017-07-01,2017,7,Julho,04 Procedimentos cirurgicos,2303668.47,8848.0,260.3603605334539
2017-07-01,2017,7,Julho,"07 Orteses, proteses e materiais especiais",794716.26,6333.0,125.48811937470393
2017-08-01,2017,8,Agosto,03 Procedimentos clinicos,244820315.13,1234925.0,198.24711227807356
2017-08-01,2017,8,Agosto,04 Procedimentos cirurgicos,2674493.33,9675.0,276.43341912144706
2017-08-01,2017,8,Agosto,"07 Orteses, proteses e materiais especiais",843426.18,6608.0,127.63713377723971
2017-09-01,2017,9,Setembro,03 Procedimentos clinicos,237412296.39,1197224.0,198.302319691219
2017-09-01,2017,9,Setembro,04 Procedimentos cirurgicos,2500622.69,9059.0,276.03738712882216
2017-09-01,2017,9,Setembro,"07 Orteses, proteses e materiais especiais",774384.06,6148.0,125.95706896551725
2017-10-01,2017,10,Outubro,03 Procedimentos clinicos,239127214.34,1205455.0,198.3709174875877
2017-10-01,2017,10,Outubro,04 Procedimentos cirurgicos,2596398.1,9544.0,272.04506496228
2017-10-01,2017,10,Outubro,"07 Orteses, proteses e materiais especiais",820990.8,6642.0,123.60596205962061
2017-11-01,2017,11,Novembro,03 Procedimentos clinicos,239217417.03,1205915.0,198.37004849429687
2017-11-01,2017,11,Novembro,04 Procedimentos cirurgicos,2437972.44,9065.0,268.9434572531715
2017-11-01,2017,11,Novembro,"07 Orteses, proteses e materiais especiais",808777.74,6318.0,128.01167141500474
2017-12-01,2017,12,Dezembro,03 Procedimentos clinicos,243845004.89,1229439.0,198.33843313088326
2017-12-01,2017,12,Dezembro,04 Procedimentos cirurgicos,2296977.03,8756.0,262.3317759250799
2017-12-01,2017,12,Dezembro,"07 Orteses, proteses e materiais especiais",739197.98,6185.0,119.51462894098626
2018-01-01,2018,1,Janeiro,03 Procedimentos clinicos,245488974.12,1237726.0,198.33870672507487
2018-01-01,2018,1,Janeiro,04 Procedimentos cirurgicos,2493454.15,9507.0,262.2756021878616
2018-01-01,2018,1,Janeiro,"07 Orteses, proteses e materiais especiais",856632.64,6741.0,127.07797656134105
2018-02-01,2018,2,Fevereiro,03 Procedimentos clinicos,222982349.52,1123838.0,198.41146990936417
2018-02-01,2018,2,Fevereiro,04 Procedimentos cirurgicos,2335673.35,8713.0,268.0676403075864
2018-02-01,2018,2,Fevereiro,"07 Orteses, proteses e materiais especiais",826918.8,6179.0,133.82728596860335
2018-03-01,2018,3,Março,03 Procedimentos clinicos,250212195.58,1260547.0,198.4949355954201
2018-03-01,2018,3,Março,04 Procedimentos cirurgicos,2689904.83,9804.0,274.3680977152183
2018-03-01,2018,3,Março,"07 Orteses, proteses e materiais especiais",913588.78,6750.0,135.34648592592592
2018-04-01,2018,4,Abril,03 Procedimentos clinicos,234381314.8,1180470.0,198.5491497454404
2018-04-01,2018,4,Abril,04 Procedimentos cirurgicos,2525438.98,9318.0,271.0280081562567
2018-04-01,2018,4,Abril,"07 Orteses, proteses e materiais especiais",870068.52,6510.0,133.65107834101383
2018-05-01,2018,5,Maio,03 Procedimentos clinicos,251774137.23,1268387.0,198.49946209634757
2018-05-01,2018,5,Maio,04 Procedimentos cirurgicos,2664008.06,9982.0,266.88119214586254
2018-05-01,2018,5,Maio,"07 Orteses, proteses e materiais especiais",895063.74,6954.0,128.71207075064711
2018-06-01,2018,6,Junho,03 Procedimentos clinicos,244882372.43,1233193.0,198.575869657061
2018-06-01,2018,6,Junho,04 Procedimentos cirurgicos,2527280.31,9355.0,270.15289257081776
2018-06-01,2018,6,Junho,"07 Orteses, proteses e materiais especiais",859613.44,6542.0,131.39918067869152
2018-07-01,2018,7,Julho,03 Procedimentos clinicos,245345974.64,1235917.0,198.51331006855636
2018-07-01,2018,7,Julho,04 Procedimentos cirurgicos,2553303.64,9412.0,271.28172970675735
2018-07-01,2018,7,Julho,"07 Orteses, proteses e materiais especiais",845078.48,6511.0,129.79242512670865
2018-08-01,2018,8,Agosto,03 Procedimentos clinicos,255863684.6,1288914.0,198.51106016382784
2018-08-01,2018,8,Agosto,04 Procedimentos cirurgicos,2784022.33,10104.0,275.53665182106096
2018-08-01,2018,8,Agosto,"07 Orteses, proteses e materiais especiais",931804.06,6941.0,134.24637083993662
2018-09-01,2018,9,Setembro,03 Procedimentos clinicos,239256329.14,1205715.0,198.4352265170459
2018-09-01,2018,9,Setembro,04 Procedimentos cirurgicos,2474424.11,8994.0,275.1194251723371
2018-09-01,2018,9,Setembro,"07 Orteses, proteses e materiais especiais",812196.28,6158.0,131.8928678142254
2018-10-01,2018,10,Outubro,03 Procedimentos clinicos,258762557.07,1304007.0,198.43647853884218
2018-10-01,2018,10,Outubro,04 Procedimentos cirurgicos,2703464.41,9844.0,274.6306796017879
2018-10-01,2018,10,Outubro,"07 Orteses, proteses e materiais especiais",893797.26,6741.0,132.5911971517579
2018-11-01,2018,11,Novembro,03 Procedimentos clinicos,250935096.76,1264277.0,198.48110561214037
2018-11-01,2018,11,Novembro,04 Procedimentos cirurgicos,2601733.51,9440.0,275.6073633474576
2018-11-01,2018,11,Novembro,"07 Orteses, proteses e materiais especiais",893216.26,6487.0,137.69327269924463
2018-12-01,2018,12,Dezembro,03 Procedimentos clinicos,255355550.63,1290569.0,197.86276489672383
2018-12-01,2018,12,Dezembro,04 Procedimentos cirurgicos,2343030.86,9097.0,257.56082884467406
2018-12-01,2018,12,Dezembro,"07 Orteses, proteses e materiais especiais",826287.68,6698.0,123.3633442818752
2019-01-01,2019,1,Janeiro,03 Procedimentos clinicos,256013554.6,1294197.0,197.81652607756007
2019-01-01,2019,1,Janeiro,04 Procedimentos cirurgicos,2658526.0,10032.0,265.00458532695376
2019-01-01,2019,1,Janeiro,"07 Orteses, proteses e materiais especiais",976833.96,7243.0,134.86593400524643
2019-02-01,2019,2,Fevereiro,03 Procedimentos clinicos,233348061.01,1179594.0,197.82065779412238
2019-02-01,2019,2,Fevereiro,04 Procedimentos cirurgicos,2677170.38,9722.0,275.37239045463895
2019-02-01,2019,2,Fevereiro,"07 Orteses, proteses e materiais especiais",948207.9,6859.0,138.24287797054964
2019-03-01,2019,3,Março,03 Procedimentos clinicos,252821042.21,1278040.0,197.81935010641294
2019-03-01,2019,3,Março,04 Procedimentos cirurgicos,2627373.08,9943.0,264.24349592678266
2019-03-01,2019,3,Março,"07 Orteses, proteses e materiais especiais",942015.98,7060.0,133.4300254957507
2019-04-01,2019,4,Abril,03 Procedimentos clinicos,253700243.96,1282531.0,197.8121729299331
2019-04-01,2019,4,Abril,04 Procedimentos cirurgicos,2676921.98,9922.0,269.79661157024793
2019-04-01,2019,4,Abril,"07 Orteses, proteses e materiais especiais",938322.22,6874.0,136.50308699447191
2019-05-01,2019,5,Maio,03 Procedimentos clinicos,263513734.53,1332072.0,197.8224409266166
2019-05-01,2019,5,Maio,04 Procedimentos cirurgicos,2875987.56,10473.0,274.60971641363506
2019-05-01,2019,5,Maio,"07 Orteses, proteses e materiais especiais",1032113.06,7239.0,142.57674540682416
2019-06-01,2019,6,Junho,03 Procedimentos clinicos,245244568.43,1240035.0,197.77229548359523
2019-06-01,2019,6,Junho,04 Procedimentos cirurgicos,2564367.27,9567.0,268.0429883976168
2019-06-01,2019,6,Junho,"07 Orteses, proteses e materiais especiais",955643.7,6703.0,142.569550947337
2019-07-01,2019,7,Julho,03 Procedimentos clinicos,265353262.5,1341067.0,197.8672672580863
2019-07-01,2019,7,Julho,04 Procedimentos cirurgicos,2752637.46,10121.0,271.9728742219148
2019-07-01,2019,7,Julho,"07 Orteses, proteses e materiais especiais",1002013.4,6987.0,143.41110634034635
2019-08-01,2019,8,Agosto,03 Procedimentos clinicos,266568704.64,1347382.0,197.84196659893036
2019-08-01,2019,8,Agosto,04 Procedimentos cirurgicos,2891898.63,10383.0,278.5224530482519
2019-08-01,2019,8,Agosto,"07 Orteses, proteses e materiais especiais",1049738.18,7034.0,149.23772817742392
2019-09-01,2019,9,Setembro,03 Procedimentos clinicos,249932941.82,1263014.0,197.8861214681706
2019-09-01,2019,9,Setembro,04 Procedimentos cirurgicos,2625295.24,9632.0,272.55972176079734
2019-09-01,2019,9,Setembro,"07 Orteses, proteses e materiais especiais",957762.76,6639.0,144.2631058894412
2019-10-01,2019,10,Outubro,03 Procedimentos clinicos,269368536.84,1361668.0,197.822477167709
2019-10-01,2019,10,Outubro,04 Procedimentos cirurgicos,2840683.41,10601.0,267.96372134704274
2019-10-01,2019,10,Outubro,"07 Orteses, proteses e materiais especiais",1072006.76,7423.0,144.41691499393775
2019-11-01,2019,11,Novembro,03 Procedimentos clinicos,260850478.17,1318849.0,197.78646241533335
2019-11-01,2019,11,Novembro,04 Procedimentos cirurgicos,2767419.41,10008.0,276.52072442046364
2019-11-01,2019,11,Novembro,"07 Orteses, proteses e materiais especiais",982679.48,6869.0,143.06004949774348
2019-12-01,2019,12,Dezembro,03 Procedimentos clinicos,268378953.55,1356579.0,197.83510842346817
2019-12-01,2019,12,Dezembro,04 Procedimentos cirurgicos,2456581.8,9636.0,254.9379202988792
2019-12-01,2019,12,Dezembro,"07 Orteses, proteses e materiais especiais",961688.98,6964.0,138.09433946008042
2020-01-01,2020,1,Janeiro,03 Procedimentos clinicos,269819953.74,1363963.0,197.8205814527227
2020-01-01,2020,1,Janeiro,04 Procedimentos cirurgicos,2765403.12,10719.0,257.9907752588861
2020-01-01,2020,1,Janeiro,"07 Orteses, proteses e materiais especiais",1147750.02,7735.0,148.38397155785393
2020-02-01,2020,2,Fevereiro,03 Procedimentos clinicos,254483289.83,1286958.0,197.7401669906866
2020-02-01,2020,2,Fevereiro,04 Procedimentos cirurgicos,2666228.23,10164.0,262.32076249508066
2020-02-01,2020,2,Fevereiro,"07 Orteses, proteses e materiais especiais",1069601.48,7244.0,147.6534345665378
2020-03-01,2020,3,Março,03 Procedimentos clinicos,265323277.76,1341445.0,197.78915852681249
2020-03-01,2020,3,Março,04 Procedimentos cirurgicos,2590096.83,10040.0,257.9777719123506
2020-03-01,2020,3,Março,"07 Orteses, proteses e materiais especiais",1119423.02,7246.0,154.4884101573282
2020-04-01,2020,4,Abril,03 Procedimentos clinicos,265316047.36,1345244.0,197.22522260645653
2020-04-01,2020,4,Abril,04 Procedimentos cirurgicos,2418519.87,9555.0,253.11563265306123
2020-04-01,2020,4,Abril,"07 Orteses, proteses e materiais especiais",1184118.6,7065.0,167.6034819532909
2020-05-01,2020,5,Maio,03 Procedimentos clinicos,264531902.57,1349383.0,196.03915461362712
2020-05-01,2020,5,Maio,04 Procedimentos cirurgicos,2420127.03,9318.0,259.72601738570506
2020-05-01,2020,5,Maio,"07 Orteses, proteses e materiais especiais",1116258.04,6778.0,164.68840956034228
2020-06-01,2020,6,Junho,03 Procedimentos clinicos,264283170.49,1350568.0,195.6829796722564
2020-06-01,2020,6,Junho,04 Procedimentos cirurgicos,2577482.26,9862.0,261.3549239505171
2020-06-01,2020,6,Junho,"07 Orteses, proteses e materiais especiais",1111249.82,7094.0,156.646436425148
2020-07-01,2020,7,Julho,03 Procedimentos clinicos,273979783.63,1402564.0,195.34209036450386
2020-07-01,2020,7,Julho,04 Procedimentos cirurgicos,2729285.05,10217.0,267.1317461094254
2020-07-01,2020,7,Julho,"07 Orteses, proteses e materiais especiais",1122455.44,7209.0,155.7019614370925
2020-08-01,2020,8,Agosto,03 Procedimentos clinicos,263727927.93,1346682.0,195.83534043671781
2020-08-01,2020,8,Agosto,04 Procedimentos cirurgicos,2716695.66,10167.0,267.207205665388
2020-08-01,2020,8,Agosto,"07 Orteses, proteses e materiais especiais",1084406.48,7176.0,151.11573021181718
2020-09-01,2020,9,Setembro,03 Procedimentos clinicos,264190909.05,1346769.0,196.1664613976116
2020-09-01,2020,9,Setembro,04 Procedimentos cirurgicos,2889699.17,10680.0,270.5710833333333
2020-09-01,2020,9,Setembro,"07 Orteses, proteses e materiais especiais",1154533.64,7498.0,153.97887970125365
2020-10-01,2020,10,Outubro,03 Procedimentos clinicos,273357184.63,1391671.0,196.4237126662839
2020-10-01,2020,10,Outubro,04 Procedimentos cirurgicos,2859567.99,10805.0,264.6522896807034
2020-10-01,2020,10,Outubro,"07 Orteses, proteses e materiais especiais",1184072.76,7722.0,153.33757575757576
2020-11-01,2020,11,Novembro,03 Procedimentos clinicos,255573822.39,1300575.0,196.50833084597195
2020-11-01,2020,11,Novembro,04 Procedimentos cirurgicos,2723325.39,10109.0,269.3961212780691
2020-11-01,2020,11,Novembro,"07 Orteses, proteses e materiais especiais",1106698.9,7114.0,155.56633398931683
2020-12-01,2020,12,Dezembro,03 Procedimentos clinicos,274855381.09,1401447.0,196.12256552691608
2020-12-01,2020,12,Dezembro,04 Procedimentos cirurgicos,2517028.05,10036.0,250.79992526903146
2020-12-01,2020,12,Dezembro,"07 Orteses, proteses e materiais especiais",1113733.6,7487.0,148.75565647121678
2021-01-01,2021,1,Janeiro,03 Procedimentos clinicos,265277073.38,1353283.0,196.02483248514906
2021-01-01,2021,1,Janeiro,04 Procedimentos cirurgicos,2525827.99,10102.0,250.03246782815287
2021-01-01,2021,1,Janeiro,"07 Orteses, proteses e materiais especiais",1111659.14,7513.0,147.96474643950484
2021-02-01,2021,2,Fevereiro,03 Procedimentos clinicos,245369366.6,1251911.0,195.99585481715553
2021-02-01,2021,2,Fevereiro,04 Procedimentos cirurgicos,2592406.4,9794.0,264.6933224423116
2021-02-01,2021,2,Fevereiro,"07 Orteses, proteses e materiais especiais",1096746.02,6999.0,156.7003886269467
2021-03-01,2021,3,Março,03 Procedimentos clinicos,275714607.64,1413709.0,195.02925116838048
2021-03-01,2021,3,Março,04 Procedimentos cirurgicos,2868507.36,11040.0,259.8285652173913
2021-03-01,2021,3,Março,"07 Orteses, proteses e materiais especiais",1191194.22,7890.0,150.97518631178707
2021-04-01,2021,4,Abril,03 Procedimentos clinicos,263039761.85,1348282.0,195.09254136004188
2021-04-01,2021,4,Abril,04 Procedimentos cirurgicos,2687630.33,10523.0,255.40533403021954
2021-04-01,2021,4,Abril,"07 Orteses, proteses e materiais especiais",1158140.34,7702.0,150.36877953778242
2021-05-01,2021,5,Maio,03 Procedimentos clinicos,261563820.11,1337991.0,195.4899697456859
2021-05-01,2021,5,Maio,04 Procedimentos cirurgicos,2700013.03,10220.0,264.18914187866926
2021-05-01,2021,5,Maio,"07 Orteses, proteses e materiais especiais",1102005.32,7293.0,151.10452762923353
2021-06-01,2021,6,Junho,03 Procedimentos clinicos,260919718.61,1333617.0,195.64816481043658
2021-06-01,2021,6,Junho,04 Procedimentos cirurgicos,2684375.42,10458.0,256.6815280168292
2021-06-01,2021,6,Junho,"07 Orteses, proteses e materiais especiais",1149705.96,7604.0,151.1975223566544
2021-07-01,2021,7,Julho,03 Procedimentos clinicos,271064459.77,1380927.0,196.29166478025266
2021-07-01,2021,7,Julho,04 Procedimentos cirurgicos,2761713.74,10779.0,256.21242601354487
2021-07-01,2021,7,Julho,"07 Orteses, proteses e materiais especiais",1238670.96,7830.0,158.19552490421455
2021-08-01,2021,8,Agosto,03 Procedimentos clinicos,263316014.04,1338926.0,196.6621113041348
2021-08-01,2021,8,Agosto,04 Procedimentos cirurgicos,2740027.21,10523.0,260.3846061009218
2021-08-01,2021,8,Agosto,"07 Orteses, proteses e materiais especiais",1157541.62,7538.0,153.5608410719024
2021-09-01,2021,9,Setembro,03 Procedimentos clinicos,263804705.52,1340295.0,196.82585215941268
2021-09-01,2021,9,Setembro,04 Procedimentos cirurgicos,2703161.24,10413.0,259.5948564294632
2021-09-01,2021,9,Setembro,"07 Orteses, proteses e materiais especiais",1195498.94,7518.0,159.01821495078477
2021-10-01,2021,10,Outubro,03 Procedimentos clinicos,265908579.21,1350310.0,196.9240983255697
2021-10-01,2021,10,Outubro,04 Procedimentos cirurgicos,2650211.47,10123.0,261.8009947643979
2021-10-01,2021,10,Outubro,"07 Orteses, proteses e materiais especiais",1136068.18,7258.0,156.52634058969412
2021-11-01,2021,11,Novembro,03 Procedimentos clinicos,266981776.12,1354851.0,197.05619003122854
2021-11-01,2021,11,Novembro,04 Procedimentos cirurgicos,2699980.24,10309.0,261.90515471917746
2021-11-01,2021,11,Novembro,"07 Orteses, proteses e materiais especiais",1193790.44,7382.0,161.71639664047683
2021-12-01,2021,12,Dezembro,03 Procedimentos clinicos,277579707.75,1408595.0,197.0614035617051
2021-12-01,2021,12,Dezembro,04 Procedimentos cirurgicos,2549932.35,10250.0,248.77388780487806
2021-12-01,2021,12,Dezembro,"07 Orteses, proteses e materiais especiais",1217474.58,7651.0,159.1262031107045
2022-01-01,2022,1,Janeiro,03 Procedimentos clinicos,299269608.9,1374329.0,217.75689001687368
2022-01-01,2022,1,Janeiro,04 Procedimentos cirurgicos,2439824.48,9932.0,245.6528876359243
2022-01-01,2022,1,Janeiro,"07 Orteses, proteses e materiais especiais",1127777.06,7375.0,152.91892338983052
2022-02-01,2022,2,Fevereiro,03 Procedimentos clinicos,276540311.74,1266402.0,218.3669259366299
2022-02-01,2022,2,Fevereiro,04 Procedimentos cirurgicos,2572791.69,10130.0,253.977461994077
2022-02-01,2022,2,Fevereiro,"07 Orteses, proteses e materiais especiais",1199625.56,7485.0,160.2706158984636
2022-03-01,2022,3,Março,03 Procedimentos clinicos,309775618.06,1408030.0,220.00640473569456
2022-03-01,2022,3,Março,04 Procedimentos cirurgicos,2973875.35,11388.0,261.14114418686336
2022-03-01,2022,3,Março,"07 Orteses, proteses e materiais especiais",1343586.78,8154.0,164.77640176600443
2022-04-01,2022,4,Abril,03 Procedimentos clinicos,300329939.19,1363886.0,220.20164382507042
2022-04-01,2022,4,Abril,04 Procedimentos cirurgicos,2704699.95,10489.0,257.8606111164077
2022-04-01,2022,4,Abril,"07 Orteses, proteses e materiais especiais",1196756.26,7589.0,157.69617340888126
2022-05-01,2022,5,Maio,03 Procedimentos clinicos,301993503.07,1372259.0,220.07033881359132
2022-05-01,2022,5,Maio,04 Procedimentos cirurgicos,2924127.5,11098.0,263.4823842133718
2022-05-01,2022,5,Maio,"07 Orteses, proteses e materiais especiais",1326222.24,7931.0,167.22005295675197
2022-06-01,2022,6,Junho,03 Procedimentos clinicos,302961939.31,1380189.0,219.50757418730333
2022-06-01,2022,6,Junho,04 Procedimentos cirurgicos,2646016.66,10472.0,252.67538770053477
2022-06-01,2022,6,Junho,"07 Orteses, proteses e materiais especiais",1260871.74,7715.0,163.4312041477641
2022-07-01,2022,7,Julho,03 Procedimentos clinicos,304212394.54,1385922.0,219.50181506607154
2022-07-01,2022,7,Julho,04 Procedimentos cirurgicos,3476179.32,10436.0,333.0949904177846
2022-07-01,2022,7,Julho,"07 Orteses, proteses e materiais especiais",1195025.46,7472.0,159.93381423982868
2022-08-01,2022,8,Agosto,03 Procedimentos clinicos,318347430.62,1446887.0,220.02231730605087
2022-08-01,2022,8,Agosto,04 Procedimentos cirurgicos,3828968.02,11262.0,339.9900568282721
2022-08-01,2022,8,Agosto,"07 Orteses, proteses e materiais especiais",1277320.78,7969.0,160.28620655038273
2022-09-01,2022,9,Setembro,03 Procedimentos clinicos,307007910.21,1394340.0,220.18152689444466
2022-09-01,2022,9,Setembro,04 Procedimentos cirurgicos,3624910.69,10546.0,343.72375213351035
2022-09-01,2022,9,Setembro,"07 Orteses, proteses e materiais especiais",1186805.52,7416.0,160.0331067961165
2022-10-01,2022,10,Outubro,03 Procedimentos clinicos,307685707.83,1397145.0,220.22460648679984
2022-10-01,2022,10,Outubro,04 Procedimentos cirurgicos,3570715.79,10355.0,344.8301100917431
2022-10-01,2022,10,Outubro,"07 Orteses, proteses e materiais especiais",1170640.26,7276.0,160.89063496426607
2022-11-01,2022,11,Novembro,03 Procedimentos clinicos,307685470.14,1399527.0,219.84961357658693
2022-11-01,2022,11,Novembro,04 Procedimentos cirurgicos,3466667.29,10332.0,335.52722512582267
2022-11-01,2022,11,Novembro,"07 Orteses, proteses e materiais especiais",1133098.38,7354.0,154.0791922763122
2022-12-01,2022,12,Dezembro,03 Procedimentos clinicos,320309261.27,1459204.0,219.50958280679055
2022-12-01,2022,12,Dezembro,04 Procedimentos cirurgicos,3427428.23,10358.0,330.89672040934545
2022-12-01,2022,12,Dezembro,"07 Orteses, proteses e materiais especiais",1218438.96,7466.0,163.19836056790786
2023-01-01,2023,1,Janeiro,03 Procedimentos clinicos,313519016.27,1424947.0,220.02152800770835
2023-01-01,2023,1,Janeiro,04 Procedimentos cirurgicos,3526916.08,10724.0,328.88064901156287
2023-01-01,2023,1,Janeiro,"07 Orteses, proteses e materiais especiais",1264616.52,7689.0,164.47087007413188
2023-02-01,2023,2,Fevereiro,03 Procedimentos clinicos,290332926.23,1319231.0,220.07739829491575
2023-02-01,2023,2,Fevereiro,04 Procedimentos cirurgicos,3379804.43,10128.0,333.70896820695106
2023-02-01,2023,2,Fevereiro,"07 Orteses, proteses e materiais especiais",1187238.38,7197.0,164.96295400861467
2023-03-01,2023,3,Março,03 Procedimentos clinicos,327636550.54,1488352.0,220.1337792000817
2023-03-01,2023,3,Março,04 Procedimentos cirurgicos,4087787.27,11844.0,345.1357033096927
2023-03-01,2023,3,Março,"07 Orteses, proteses e materiais especiais",1465737.02,8325.0,176.0645069069069
2023-04-01,2023,4,Abril,03 Procedimentos clinicos,303493202.52,1377537.0,220.31582637707734
2023-04-01,2023,4,Abril,04 Procedimentos cirurgicos,3496497.75,10574.0,330.6693540760356
2023-04-01,2023,4,Abril,"07 Orteses, proteses e materiais especiais",1251503.84,7551.0,165.7401456760694
2023-05-01,2023,5,Maio,03 Procedimentos clinicos,328898524.28,1492666.0,220.34301329299385
2023-05-01,2023,5,Maio,04 Procedimentos cirurgicos,3997877.01,11700.0,341.69888974358975
2023-05-01,2023,5,Maio,"07 Orteses, proteses e materiais especiais",1429411.84,8209.0,174.12740163235475
2023-06-01,2023,6,Junho,03 Procedimentos clinicos,317023368.27,1439094.0,220.29371831860877
2023-06-01,2023,6,Junho,04 Procedimentos cirurgicos,3775474.33,10949.0,344.8236670015527
2023-06-01,2023,6,Junho,"07 Orteses, proteses e materiais especiais",1299876.22,7608.0,170.85649579390116
2023-07-01,2023,7,Julho,03 Procedimentos clinicos,338254008.67,1450721.0,233.1626885321161
2023-07-01,2023,7,Julho,04 Procedimentos cirurgicos,3782786.46,11147.0,339.35466582937113
2023-07-01,2023,7,Julho,"07 Orteses, proteses e materiais especiais",1271114.82,7770.0,163.59264092664094
2023-08-01,2023,8,Agosto,03 Procedimentos clinicos,352326232.32,1511495.0,233.0978483686681
2023-08-01,2023,8,Agosto,04 Procedimentos cirurgicos,3991995.1,11732.0,340.2655216501875
2023-08-01,2023,8,Agosto,"07 Orteses, proteses e materiais especiais",1382095.78,8207.0,168.40450590958937
2023-09-01,2023,9,Setembro,03 Procedimentos clinicos,358154504.28,1466713.0,244.18853878025214
2023-09-01,2023,9,Setembro,04 Procedimentos cirurgicos,3747051.3,11022.0,339.96110506260203
2023-09-01,2023,9,Setembro,"07 Orteses, proteses e materiais especiais",1295783.2,7706.0,168.1525045419154
2023-10-01,2023,10,Outubro,03 Procedimentos clinicos,359620217.04,1472952.0,244.1493117494664
2023-10-01,2023,10,Outubro,04 Procedimentos cirurgicos,3914017.44,11332.0,345.39511471937874
2023-10-01,2023,10,Outubro,"07 Orteses, proteses e materiais especiais",1328794.62,7874.0,168.75725425450852
2023-11-01,2023,11,Novembro,03 Procedimentos clinicos,360148233.08,1475254.0,244.1262542450317
2023-11-01,2023,11,Novembro,04 Procedimentos cirurgicos,3725377.49,11055.0,336.9857521483492
2023-11-01,2023,11,Novembro,"07 Orteses, proteses e materiais especiais",1325621.38,7825.0,169.40848306709265
2023-12-01,2023,12,Dezembro,03 Procedimentos clinicos,370278047.26,1516747.0,244.12644116652282
2023-12-01,2023,12,Dezembro,04 Procedimentos cirurgicos,3431777.27,10631.0,322.80851001787227
2023-12-01,2023,12,Dezembro,"07 Orteses, proteses e materiais especiais",1273298.64,7707.0,165.21326586220317
2024-01-01,2024,1,Janeiro,03 Procedimentos clinicos,370531842.1,1518047.0,244.08456530002036
2024-01-01,2024,1,Janeiro,04 Procedimentos cirurgicos,3879147.84,11638.0,333.31739474136447
2024-01-01,2024,1,Janeiro,"07 Orteses, proteses e materiais especiais",1436723.0,8309.0,172.91166205319533
2024-02-01,2024,2,Fevereiro,03 Procedimentos clinicos,351186165.03,1439075.0,244.03604053298125
2024-02-01,2024,2,Fevereiro,04 Procedimentos cirurgicos,3751629.83,10914.0,343.7447159611508
2024-02-01,2024,2,Fevereiro,"07 Orteses, proteses e materiais especiais",1367046.72,7865.0,173.81395041322313
2024-03-01,2024,3,Março,03 Procedimentos clinicos,364819780.8,1495017.0,244.02383437780307
2024-03-01,2024,3,Março,04 Procedimentos cirurgicos,3922863.01,11233.0,349.2266545001335
2024-03-01,2024,3,Março,"07 Orteses, proteses e materiais especiais",1370914.6,8015.0,171.0436182158453
2024-04-01,2024,4,Abril,03 Procedimentos clinicos,368121733.35,1508911.0,243.96517312816994
2024-04-01,2024,4,Abril,04 Procedimentos cirurgicos,4252385.3,11908.0,357.1032331205912
2024-04-01,2024,4,Abril,"07 Orteses, proteses e materiais especiais",1476210.12,8390.0,175.94876281287247
2024-05-01,2024,5,Maio,03 Procedimentos clinicos,381951307.97,1565017.0,244.05569266659725
2024-05-01,2024,5,Maio,04 Procedimentos cirurgicos,4123666.41,11755.0,350.8010557209698
2024-05-01,2024,5,Maio,"07 Orteses, proteses e materiais especiais",1521129.92,8348.0,182.21489218974602
2024-06-01,2024,6,Junho,03 Procedimentos clinicos,355670846.42,1457679.0,243.9980588456032
2024-06-01,2024,6,Junho,04 Procedimentos cirurgicos,3911686.72,10904.0,358.7386940572267
2024-06-01,2024,6,Junho,"07 Orteses, proteses e materiais especiais",1399795.11,7615.0,183.82076296782668
2024-07-01,2024,7,Julho,03 Procedimentos clinicos,385108685.24,1578163.0,244.023390004708
2024-07-01,2024,7,Julho,04 Procedimentos cirurgicos,4028500.26,11289.0,356.85182567100713
2024-07-01,2024,7,Julho,"07 Orteses, proteses e materiais especiais",1423408.17,7857.0,181.16433371515845
2024-08-01,2024,8,Agosto,03 Procedimentos clinicos,385546774.67,1580334.0,243.96537356660048
2024-08-01,2024,8,Agosto,04 Procedimentos cirurgicos,4104737.46,11255.0,364.70346157263435
2024-08-01,2024,8,Agosto,"07 Orteses, proteses e materiais especiais",1467251.54,7858.0,186.72073555612116
2024-09-01,2024,9,Setembro,03 Procedimentos clinicos,361174558.49,1480240.0,243.9972967153975
2024-09-01,2024,9,Setembro,04 Procedimentos cirurgicos,3881828.61,10836.0,358.2344601328904
2024-09-01,2024,9,Setembro,"07 Orteses, proteses e materiais especiais",1440882.02,7593.0,189.7645225865929
2024-10-01,2024,10,Outubro,03 Procedimentos clinicos,390360747.99,1600634.0,243.87883050716155
2024-10-01,2024,10,Outubro,04 Procedimentos cirurgicos,4170735.39,11619.0,358.9582055254325
2024-10-01,2024,10,Outubro,"07 Orteses, proteses e materiais especiais",1562072.76,8207.0,190.33419763616425
2024-11-01,2024,11,Novembro,03 Procedimentos clinicos,378078380.85,1549896.0,243.93790347868503
2024-11-01,2024,11,Novembro,04 Procedimentos cirurgicos,3785032.43,10701.0,353.70829174843476
2024-11-01,2024,11,Novembro,"07 Orteses, proteses e materiais especiais",1388666.5,7496.0,185.25433564567768
2024-12-01,2024,12,Dezembro,03 Procedimentos clinicos,386003201.7,1582121.0,243.97830614725422
2024-12-01,2024,12,Dezembro,04 Procedimentos cirurgicos,3452386.84,10331.0,334.17741167360373
2024-12-01,2024,12,Dezembro,"07 Orteses, proteses e materiais especiais",1351421.54,7527.0,179.54318320712105
2025-01-01,2025,1,Janeiro,03 Procedimentos clinicos,387145305.34,1587533.0,243.865989141643
2025-01-01,2025,1,Janeiro,04 Procedimentos cirurgicos,3668802.12,11116.0,330.04697013314143
2025-01-01,2025,1,Janeiro,"07 Orteses, proteses e materiais especiais",1516513.78,8000.0,189.5642225
2025-02-01,2025,2,Fevereiro,03 Procedimentos clinicos,354230244.83,1447742.0,244.67774287822002
2025-02-01,2025,2,Fevereiro,04 Procedimentos cirurgicos,3828956.93,10862.0,352.5093840913276
2025-02-01,2025,2,Fevereiro,"07 Orteses, proteses e materiais especiais",1454820.7,7589.0,191.70123863486626
2025-03-01,2025,3,Março,03 Procedimentos clinicos,384499065.24,1571194.0,244.71775302095097
2025-03-01,2025,3,Março,04 Procedimentos cirurgicos,3694793.1,10909.0,338.69218993491614
2025-03-01,2025,3,Março,"07 Orteses, proteses e materiais especiais",1511006.74,7786.0,194.06713845363473
2025-04-01,2025,4,Abril,03 Procedimentos clinicos,384690089.07,1572228.0,244.67830942458727
2025-04-01,2025,4,Abril,04 Procedimentos cirurgicos,3755632.89,11261.0,333.507938016162
2025-04-01,2025,4,Abril,"07 Orteses, proteses e materiais especiais",1577802.12,8063.0,195.68425151928565
2025-05-01,2025,5,Maio,03 Procedimentos clinicos,399208837.93,1631717.0,244.65568351006945
2025-05-01,2025,5,Maio,04 Procedimentos cirurgicos,4009276.81,11649.0,344.1734749763928
2025-05-01,2025,5,Maio,"07 Orteses, proteses e materiais especiais",1602636.06,8195.0,195.56266748017083
2025-06-01,2025,6,Junho,03 Procedimentos clinicos,371950604.56,1519979.0,244.70772593568728
2025-06-01,2025,6,Junho,04 Procedimentos cirurgicos,3666903.42,10783.0,340.06337939348975
2025-06-01,2025,6,Junho,"07 Orteses, proteses e materiais especiais",1526209.16,7679.0,198.75103008204192
2025-07-01,2025,7,Julho,03 Procedimentos clinicos,400397916.32,1636764.0,244.62776326947562
2025-07-01,2025,7,Julho,04 Procedimentos cirurgicos,4041064.85,11589.0,348.69832168435585
2025-07-01,2025,7,Julho,"07 Orteses, proteses e materiais especiais",1651389.34,8264.0,199.82930058083252
2025-08-01,2025,8,Agosto,03 Procedimentos clinicos,388676596.88,1588394.0,244.69785008001793
2025-08-01,2025,8,Agosto,04 Procedimentos cirurgicos,3946979.13,11404.0,346.10479919326553
2025-08-01,2025,8,Agosto,"07 Orteses, proteses e materiais especiais",1609259.8,7994.0,201.3084563422567
2025-09-01,2025,9,Setembro,03 Procedimentos clinicos,390110712.17,1594414.0,244.67341115293772
2025-09-01,2025,9,Setembro,04 Procedimentos cirurgicos,4008028.94,11306.0,354.50459402087387
2025-09-01,2025,9,Setembro,"07 Orteses, proteses e materiais especiais",1599700.72,7923.0,201.90593462072448
2025-10-01,2025,10,Outubro,03 Procedimentos clinicos,405968479.22,1659292.0,244.6636753627451
2025-10-01,2025,10,Outubro,04 Procedimentos cirurgicos,4008531.41,11537.0,347.45006587501086
2025-10-01,2025,10,Outubro,"07 Orteses, proteses e materiais especiais",1673536.12,8238.0,203.14835154163634
2025-11-01,2025,11,Novembro,03 Procedimentos clinicos,377079734.99,1541482.0,244.62156223037312
2025-11-01,2025,11,Novembro,04 Procedimentos cirurgicos,3611662.8,10386.0,347.7433853264009
2025-11-01,2025,11,Novembro,"07 Orteses, proteses e materiais especiais",1493005.6,7450.0,200.40343624161076
2025-12-01,2025,12,Dezembro,03 Procedimentos clinicos,412860763.1,1683974.0,245.17050922401415
2025-12-01,2025,12,Dezembro,04 Procedimentos cirurgicos,3554222.94,10803.0,329.00332685365174
2025-12-01,2025,12,Dezembro,"07 Orteses, proteses e materiais especiais",1565019.02,7962.0,196.5610424516453
2026-01-01,2026,1,Janeiro,03 Procedimentos clinicos,402063457.1,1640153.0,245.13777501245312
2026-01-01,2026,1,Janeiro,04 Procedimentos cirurgicos,3685794.49,11383.0,323.79816305016254
2026-01-01,2026,1,Janeiro,"07 Orteses, proteses e materiais especiais",1647605.88,8367.0,196.9171602724991
2026-02-01,2026,2,Fevereiro,03 Procedimentos clinicos,364600715.91,1487580.0,245.09654331867867
2026-02-01,2026,2,Fevereiro,04 Procedimentos cirurgicos,3454562.84,10371.0,333.09833574390126
2026-02-01,2026,2,Fevereiro,"07 Orteses, proteses e materiais especiais",1472664.3,7503.0,196.27672930827669
2026-03-01,2026,3,Março,03 Procedimentos clinicos,406528635.73,1616843.0,251.43358738603564
2026-03-01,2026,3,Março,04 Procedimentos cirurgicos,3928195.8,11517.0,341.0780411565512
2026-03-01,2026,3,Março,"07 Orteses, proteses e materiais especiais",1632901.08,8256.0,197.78356104651164
2026-04-01,2026,4,Abril,03 Procedimentos clinicos,391812494.81,1526243.0,256.71698072325313
2026-04-01,2026,4,Abril,04 Procedimentos cirurgicos,3543497.61,10093.0,351.0846735361141
2026-04-01,2026,4,Abril,"07 Orteses, proteses e materiais especiais",1408548.12,7203.0,195.55020408163267
