data,ano,mes,valor_aprovado,qtd_aprovada,custo_medio,ipca_indice,fator_correcao_jun_2026,valor_aprovado_real,custo_medio_real
2015-01-01,2015,1,207212109.69,1149659.0,180.237887660602,4110.2,1.8617999124130213,385787487.67175937,335.5668834600167
2015-02-01,2015,2,188317031.95,1044135.0,180.35697677982253,4160.34,1.8393616867852145,346383133.5379371,331.7417130332161
2015-03-01,2015,3,204257883.68,1131974.0,180.44397104527133,4215.26,1.8153969150182905,370809131.9008368,327.57742836923535
2015-04-01,2015,4,204032045.85,1131292.0,180.35312355254,4245.19,1.8025977635865533,367787709.5491991,325.1041371716578
2015-05-01,2015,5,205178805.89,1136836.0,180.48232628980787,4276.6,1.7893583687976429,367138413.41917855,322.94756096673444
2015-06-01,2015,6,208839292.32,1138359.0,183.4564424052517,4310.39,1.775331234528662,370758918.65255773,325.69595237755203
2015-07-01,2015,7,217395097.87,1182257.0,183.8814216113756,4337.11,1.7643938014023164,383570563.1370779,324.4392404841569
2015-08-01,2015,8,210948362.65,1146026.0,184.0694387823662,4346.65,1.7605213210173354,371379090.07902193,324.05817152405086
2015-09-01,2015,9,211703365.62,1150240.0,184.0514724057588,4370.12,1.7510663322746287,370706635.96640813,322.2863367352971
2015-10-01,2015,10,219744048.5,1193236.0,184.15807811698608,4405.95,1.736826337112314,381657250.8584857,319.85060026556835
2015-11-01,2015,11,205551922.08,1114948.0,184.36009758302632,4450.45,1.7194598299048411,353438272.97629,316.9997820313503
2015-12-01,2015,12,220128327.02,1195786.0,184.08672372815872,4493.17,1.7031116116238647,374903109.79509735,313.5202367272216
2016-01-01,2016,1,212364744.94,1152905.0,184.19969116275843,4550.23,1.6817545486711662,357145375.780237,309.778668476793
2016-02-01,2016,2,206390384.3,1119650.0,184.3347334434868,4591.18,1.6667545162681487,344002105.1463438,307.240749472017
2016-03-01,2016,3,220865073.35,1198930.0,184.2184892779395,4610.92,1.659618904687134,366551851.1167705,305.73248739857246
2016-04-01,2016,4,213929400.35,1160890.0,184.28050922137325,4639.05,1.6495554046625924,352888398.56356996,303.9809099600909
2016-05-01,2016,5,214362167.07,1163055.0,184.30957011491287,4675.23,1.6367900616654156,350865864.6572374,301.6760726339145
2016-06-01,2016,6,213850353.4,1159988.0,184.3556600585524,4691.59,1.6310824262137142,348807553.2703322,300.6992772945343
2016-07-01,2016,7,214999793.4,1167092.0,184.21837644333087,4715.99,1.6226433898290709,348867993.57512593,298.9207308208144
2016-08-01,2016,8,223769271.22,1214237.0,184.28796949854103,4736.74,1.615535157091164,361507124.732578,297.72369375383715
2016-09-01,2016,9,215918411.96,1171283.0,184.3435036280728,4740.53,1.614243555045533,348544904.9220963,297.57531264612936
2016-10-01,2016,10,216146149.66,1172803.0,184.29876940969623,4752.86,1.610055840062615,348007370.567131,296.73131000443465
2016-11-01,2016,11,216684168.74,1175753.0,184.2939535259532,4761.42,1.6071613090212584,348246412.27636164,296.19011159347383
2016-12-01,2016,12,223905859.44,1216045.0,184.1262942078624,4775.7,1.6023556756077644,358776824.67551833,295.0358125525933
2017-01-01,2017,1,234402249.07,1181786.0,198.34576570546616,4793.85,1.5962889952751962,374173730.65819657,316.617163055068
2017-02-01,2017,2,217935175.59,1098089.0,198.4676793866435,4809.67,1.5910384704148102,346743248.42029667,315.7697130381023
2017-03-01,2017,3,245447993.55,1236487.0,198.5043057872828,4821.69,1.5870721676424657,389543679.16689247,315.0406588721859
2017-04-01,2017,4,227706906.87,1148302.0,198.29879846068368,4828.44,1.584853493053657,360882086.7453633,314.2745434087577
2017-05-01,2017,5,246593517.75,1242593.0,198.4507539878303,4843.41,1.579955031682224,389606669.1493323,313.5432673042036
2017-06-01,2017,6,237943899.22,1198736.0,198.49566478357204,4832.27,1.583597356935767,376807329.90378255,314.3372101144727
2017-07-01,2017,7,238680345.63,1203368.0,198.3436036441056,4843.87,1.5798049906376512,377068401.1933935,313.3442148980142
2017-08-01,2017,8,248338234.64,1251208.0,198.47877782111365,4853.07,1.5768101428580261,391582247.2398084,312.96335001039665
2017-09-01,2017,9,240687303.14,1212431.0,198.5162892898648,4860.83,1.5742928676789767,378912304.67418975,312.5227783471305
2017-10-01,2017,10,242544603.24,1221641.0,198.53999926328603,4881.25,1.567707042253521,380238882.5599342,311.2525550140624
2017-11-01,2017,11,242464167.21,1221298.0,198.5298978709537,4894.92,1.5633289205952292,379051244.8074305,310.36753094447914
2017-12-01,2017,12,246881179.9,1244380.0,198.396936546714,4916.46,1.5564796621959702,384265535.49329454,308.80079677694476
2018-01-01,2018,1,248839060.91,1253974.0,198.44036711287475,4930.72,1.5519782100788524,386192800.3488043,307.9751257592297
2018-02-01,2018,2,226144941.67,1138730.0,198.59399653122333,4946.5,1.547027190943091,349852373.85772926,307.23031259186047
2018-03-01,2018,3,253815689.19000003,1277101.0,198.74363044896216,4950.95,1.5456366959876389,392306843.2294571,307.18544831572217
2018-04-01,2018,4,237776822.3,1196298.0,198.76052814599709,4961.84,1.542244409332022,366709974.8609087,306.537313329044
2018-05-01,2018,5,255333209.03,1285323.0,198.65295262747185,4981.69,1.5360991952530167,392217136.91235334,305.15064066569516
2018-06-01,2018,6,248269266.18,1249090.0,198.76011030430155,5044.46,1.5169849696498734,376620745.2210637,301.5160998975764
2018-07-01,2018,7,248744356.76,1251840.0,198.70299459994888,5061.11,1.511994404389551,376100075.54459816,300.43781597056983
2018-08-01,2018,8,259579510.99,1305959.0,198.76543673269987,5056.56,1.513354929042669,392835932.4352022,300.80265340275014
2018-09-01,2018,9,242542949.53,1220867.0,198.6645142591289,5080.83,1.5061259676076546,365300234.5472858,299.2137837678353
2018-10-01,2018,10,262359818.74,1320592.0,198.66833869961349,5103.69,1.499379860453907,393377028.41109353,297.87930595603603
2018-11-01,2018,11,254430046.53,1280204.0,198.74179937728675,5092.97,1.5025358484342142,382290265.83011013,298.6166781466939
2018-12-01,2018,12,258524869.17,1306364.0,197.8965044734852,5100.61,1.500285259998314,387861050.55874354,296.9012086667602
2019-01-01,2019,1,259648914.56,1311472.0,197.98281210731147,5116.93,1.4955002315841723,388305011.85505897,296.08334135616997
2019-02-01,2019,2,236973439.29,1196175.0,198.10933959495893,5138.93,1.4890979250544374,352876656.73975265,295.0042065247582
2019-03-01,2019,3,256390431.27,1295043.0,197.97831521424385,5177.47,1.4780133926415797,378948491.16221046,292.61460133926863
2019-04-01,2019,4,257315488.16,1299327.0,198.037513389624,5206.98,1.4696369104548126,378160339.03163433,291.04323933208065
2019-05-01,2019,5,267421835.15,1349784.0,198.1219477709026,5213.75,1.4677286022536562,392502676.31681716,290.78924947755877
2019-06-01,2019,6,248764579.4,1256305.0,198.0128865203912,5214.27,1.4675822310697373,365082476.44697684,290.60019378015437
2019-07-01,2019,7,269107913.36,1358175.0,198.13935123235223,5224.18,1.4647983032743894,394188814.8874394,290.2341854970379
2019-08-01,2019,8,270510341.45,1364799.0,198.2052605914864,5229.93,1.463187843814353,395807443.2357099,290.0115278775189
2019-09-01,2019,9,253515999.82,1279285.0,198.1700714227088,5227.84,1.4637728010038562,371089825.15581447,290.07596052155264
2019-10-01,2019,10,273281227.01,1379692.0,198.0740824836268,5233.07,1.4623098869306164,399621840.1692532,289.64568916051786
2019-11-01,2019,11,264600577.06,1335726.0,198.09495140470423,5259.76,1.4548895767107244,384964621.5562368,288.2062799977217
2019-12-01,2019,12,271797224.33,1373179.0,197.9328436642273,5320.25,1.4383478220008459,390938945.6409308,284.69627458687523
2020-01-01,2020,1,273733106.88,1382417.0,198.0105184470388,5331.42,1.4353343011805484,392898517.6735852,284.2112891215785
2020-02-01,2020,2,258219119.54,1304366.0,197.9652333317489,5344.75,1.4317545254689181,369706392.9639945,283.43761870824176
2020-03-01,2020,3,269032797.61,1358731.0,198.0029877952296,5348.49,1.4307533528154677,384919577.19783264,283.29343865550476
2020-04-01,2020,4,268918685.83000004,1361864.0,197.4636864106842,5331.91,1.4352023946390693,385952741.86640763,283.40035559087227
2020-05-01,2020,5,268068287.64,1365479.0,196.3181327871025,5311.65,1.4406766259072041,386199716.14991707,282.83094514812535
2020-06-01,2020,6,267971902.57,1367524.0,195.9540765427152,5325.46,1.4369406586473281,385059722.1779134,281.57437981191805
2020-07-01,2020,7,277831524.12,1419990.0,195.65738077028712,5344.63,1.4317866718556755,397795473.25636464,280.139630037088
2020-08-01,2020,8,267529030.07,1364025.0,196.1320577482084,5357.46,1.4283578412158,382127187.85334206,280.1467625984436
2020-09-01,2020,9,268235141.86,1364947.0,196.5168917620977,5391.75,1.4192738906662956,380699133.401068,278.91129355283977
2020-10-01,2020,10,277400825.38,1410198.0,196.7105508446332,5438.12,1.407171963840445,390350664.2209349,276.8055721401781
2020-11-01,2020,11,259403846.68,1317798.0,196.84644132105225,5486.52,1.3947584261061656,361805700.92128193,274.5532326815505
2020-12-01,2020,12,278486142.73999995,1418970.0,196.25935907031152,5560.59,1.3761795061315436,383246922.3804117,270.0881078390746
2021-01-01,2021,1,268914560.51,1370898.0,196.15942288193577,5574.49,1.3727480002654953,369151925.182377,269.27745549441096
2021-02-01,2021,2,249058519.02,1268704.0,196.30939842547983,5622.43,1.361043178839043,338979398.443925,267.1855676689953
2021-03-01,2021,3,279774309.22,1432639.0,195.2859786868848,5674.72,1.348501776299095,377276152.9460223,263.3434891455714
2021-04-01,2021,4,266885532.52,1366507.0,195.30491429608483,5692.31,1.3443347252697058,358783489.03873336,262.5551783040507
2021-05-01,2021,5,265365838.46,1355504.0,195.7691297554268,5739.56,1.3332677069322385,353803702.94171506,261.01265871713775
2021-06-01,2021,6,264753799.99,1351679.0,195.8703212745038,5769.98,1.3262385658182525,351126699.9936701,259.7707739734583
2021-07-01,2021,7,275064844.47,1399536.0,196.54002788781423,5825.37,1.3136281472249831,361332922.0078543,258.18051268981594
2021-08-01,2021,8,267213582.87,1356987.0,196.9168333005401,5876.05,1.3022983126419958,347991798.08662313,256.44445973809854
2021-09-01,2021,9,267703365.7,1358226.0,197.09780677147987,5944.21,1.2873653521662256,344632037.66046435,253.73688742555683
2021-10-01,2021,10,269694858.86,1367691.0,197.18990536605125,6018.51,1.2714725073149333,342909598.40467125,250.7215433929676
2021-11-01,2021,11,270875546.8,1372542.0,197.35319341776065,6075.69,1.2595063276763627,341169465.2073947,248.5675958968066
2021-12-01,2021,12,281347114.68,1426496.0,197.22951531585088,6120.04,1.250379082489657,351790547.1146907,246.61166040051336
2022-01-01,2022,1,302837210.44,1391636.0,217.6123716546568,6153.09,1.2436629400837627,376627415.5025755,270.63644193063095
2022-02-01,2022,2,280312728.99,1284017.0,218.30920384231675,6215.24,1.231226790920383,345128541.7684927,268.78814047515937
2022-03-01,2022,3,314093080.19,1427572.0,220.01908148240508,6315.93,1.2115982919380044,380554639.46775067,266.5747433178506
2022-04-01,2022,4,304231395.4,1381964.0,220.14422618823644,6382.88,1.1988898428295691,364739929.81492645,263.9286767346519
2022-05-01,2022,5,306243852.81,1391288.0,220.1153555626153,6412.88,1.1932813338156958,365435073.1539744,262.6595450790738
2022-06-01,2022,6,306868827.71,1398376.0,219.446577823132,6455.85,1.1853388786914194,363743552.1431217,260.1185604895405
2022-07-01,2022,7,308883599.32,1403830.0,220.02920533112984,6411.95,1.193454409345051,368638493.582824,262.5948252871245
2022-08-01,2022,8,323453719.42,1466118.0,220.61915849883843,6388.87,1.1977658020901976,387421803.680154,264.25008333582565
2022-09-01,2022,9,311819626.42,1412302.0,220.78820706902627,6370.34,1.2012498547958192,374573280.95951164,265.22180168229715
2022-10-01,2022,10,312427063.88,1414776.0,220.83147005603715,6407.93,1.1942031201963816,373101374.51929027,263.7176305784734
2022-11-01,2022,11,312285235.81,1417213.0,220.3516590731245,6434.2,1.1893273445028132,371409370.2333421,262.0702535422284
2022-12-01,2022,12,324955128.46,1477028.0,220.0060719634293,6474.09,1.1819993234570418,384096741.9936161,260.04702821721463
2023-01-01,2023,1,318310548.87,1443360.0,220.5344119762221,6508.4,1.1757682379693934,374259433.1719504,259.297356980899
2023-02-01,2023,2,294899969.04,1336556.0,220.64168582536013,6563.07,1.1659741553876464,343845742.32525706,257.2625032735307
2023-03-01,2023,3,333190074.83000004,1508521.0,220.87201625300543,6609.67,1.1577537153897244,385752047.0654128,255.71539744253664
2023-04-01,2023,4,308241204.10999995,1395662.0,220.85662868946773,6649.99,1.1507340612542274,354703652.6513935,254.14724528674813
2023-05-01,2023,5,334325813.13,1512575.0,221.0308997107581,6665.28,1.148094303615152,383837561.6060568,253.76431688085339
2023-06-01,2023,6,322098718.82,1457651.0,220.971082117736,6659.95,1.1490131307292097,370095657.3152356,253.89867486472113
2023-07-01,2023,7,343307909.95,1469638.0,233.60032195003123,6667.94,1.14763630146642,393992620.03918475,268.0882095040988
2023-08-01,2023,8,357700323.2,1531434.0,233.5721442778468,6683.28,1.1450021546306604,409567640.7760836,267.440608459838
2023-09-01,2023,9,363197338.78,1485441.0,244.50472201857897,6700.66,1.1420322774174485,414783083.95887995,279.23228452619793
2023-10-01,2023,10,364863029.1,1492158.0,244.52037190431577,6716.74,1.1392982309870563,415687803.60620886,278.58162715088406
2023-11-01,2023,11,365199231.95,1494134.0,244.4220076311763,6735.55,1.1361165754838134,414908900.7723528,277.6918942828105
2023-12-01,2023,12,374983123.17,1535085.0,244.2751529524424,6773.27,1.1297895994106244,423652032.51197916,275.9795272001089
2024-01-01,2024,1,375847712.94,1537994.0,244.3752790583058,6801.72,1.125063954411531,422852714.1768064,274.93781781775897
2024-02-01,2024,2,356304841.58,1457854.0,244.4036519294799,6858.17,1.1158034869360194,397566184.64715,272.70644704281085
2024-03-01,2024,3,370113558.41,1514265.0,244.41795749753183,6869.14,1.1140215514605902,412314480.556508,272.28687221622897
2024-04-01,2024,4,373850328.77,1529209.0,244.47301105996632,6895.24,1.1098047348605704,414900864.9981269,271.3173052199712
2024-05-01,2024,5,387596104.3,1585120.0,244.52161621833048,6926.96,1.1047227066418746,428186217.42614233,270.12858170115976
2024-06-01,2024,6,360982328.25,1476198.0,244.53516957074865,6941.51,1.1024071131497326,397949486.3841517,269.57731035006935
2024-07-01,2024,7,390560593.67,1597309.0,244.5116090061472,6967.89,1.0982334680943584,428926715.2871956,268.53083234815284
2024-08-01,2024,8,391118763.67,1599447.0,244.533744269113,6966.5,1.0984525945596784,429625420.7342852,268.60872584980007
2024-09-01,2024,9,366497269.12,1498669.0,244.5485087901332,6997.15,1.093640982399977,400816433.4473056,267.44827139769063
2024-10-01,2024,10,396093556.14,1620460.0,244.4327883070239,7036.33,1.0875513229197606,430772070.9800495,265.83320228826966
2024-11-01,2024,11,383252079.78,1568093.0,244.40647320025025,7063.77,1.083326608878828,415187175.93382543,264.77203580006125
2024-12-01,2024,12,390807010.08,1599979.0,244.2575871808317,7100.5,1.077722695584818,421181584.35686076,263.2419452735697
2025-01-01,2025,1,392330621.24,1606649.0,244.1918684417069,7111.86,1.0760012148720588,422148225.08574957,262.75074710515463
2025-02-01,2025,2,359514022.46,1466193.0,245.20238635704848,7205.03,1.0620871807612182,381835234.55866665,260.4263112418806
2025-03-01,2025,3,389704865.08,1589889.0,245.1145111891459,7245.38,1.0561723470680626,411595502.0153863,258.88316858308116
2025-04-01,2025,4,390023524.08,1591552.0,245.05861202147327,7276.54,1.0516495477246053,410168062.70068866,257.71577849840196
2025-05-01,2025,5,404820750.8,1651561.0,245.11401686041268,7295.46,1.0489222064133037,424625475.1310262,257.1055353880518
2025-06-01,2025,6,377143717.14,1538441.0,245.1466888492961,7312.97,1.0464106922358494,394647218.12486875,256.5241163781183
2025-07-01,2025,7,406090370.51,1656617.0,245.13232117622843,7331.98,1.043697609649781,423835549.0030809,255.844017659532
2025-08-01,2025,8,394232835.81,1607792.0,245.20139160413785,7323.91,1.0448476292035265,411913243.8502616,256.19809269498893
2025-09-01,2025,9,395718441.83,1613643.0,245.2329553872821,7359.06,1.0398569926050336,411490588.8396937,255.0072034766635
2025-10-01,2025,10,411650546.75,1679067.0,245.1662421749698,7365.68,1.0389224077070955,427672977.16345227,254.70870260892048
2025-11-01,2025,11,382184403.39,1559318.0,245.0971536210061,7378.94,1.0370554578299864,396346421.43309665,254.179340861259
2025-12-01,2025,12,417980005.06,1702739.0,245.47508752662625,7403.29,1.0336445012960453,432042733.88196224,253.73397442706266
2026-01-01,2026,1,407396857.47,1659903.0,245.4341352898332,7427.72,1.0302448126746835,419718499.1084349,252.85724473564716
2026-02-01,2026,2,369527943.05,1505454.0,245.45947139533988,7479.71,1.023083782660023,378058045.77417153,251.12560448487403
2026-03-01,2026,3,412089732.61,1636616.0,251.79378217614885,7545.53,1.0141593764785244,417924666.2769595,255.35902513293252
2026-04-01,2026,4,396764540.54,1543539.0,257.04860100068737,7596.09,1.0074090749319715,399704198.75121015,258.95309334665995
2026-05-01,2026,5,426565867.1,1650152.0,258.5009545181293,7640.15,1.001599445037074,427248135.75911826,258.91441258691214
2026-06-01,2026,6,409258364.78,1583187.0,258.5028583357493,7652.37,1.0,409258364.78,258.50285833574935
