uf,ano,qtd_aprovada,valor_aprovado_nominal,valor_aprovado_real,populacao,taxa_qtd_100k,valor_real_per_capita
AC,2015,34953.0,6253849.83,11103352.592593923,803513,4350.022961669568,13.818510207792436
AL,2015,223399.0,40517563.22,71936615.5014271,3340932,6686.72693727379,21.53190052997999
AM,2015,108710.0,19926790.52,35378876.563513204,3938336,2760.3028284026555,8.983204217088945
AP,2015,31060.0,5560671.8,9872654.656802643,766679,4051.239175717608,12.877168484858256
BA,2015,887382.0,160924798.85,285712773.90646964,15203334,5836.759226627528,18.792770974213266
CE,2015,620935.0,112815354.16,200297207.18395278,8904459,6973.304049128644,22.494034413988853
DF,2015,142197.0,25649535.16,45539282.27560511,2914830,4878.397711015737,15.623306428026716
ES,2015,307885.0,55834458.93,99130887.56026214,3929911,7834.401338859837,25.224715664111006
GO,2015,550151.0,99912350.89999999,177388663.07214624,6610681,8322.153194201928,26.833644381289346
MA,2015,297551.0,54596099.08,96932250.49272294,6904241,4309.684438883289,14.039523025445222
MG,2015,1809605.0,328763967.93,583701616.587591,20869101,8671.21683871289,27.969657944900984
MS,2015,198992.0,36161721.28,64203067.33315772,2651235,7505.634166718529,24.216286875044165
MT,2015,230898.0,42123682.05,74788187.59859313,3265486,7070.861733904234,22.90262080394561
PA,2015,279231.0,50368498.12,89426386.84782174,8175113,3415.6225118845455,10.938856361719004
PB,2015,186574.0,33756148.74,59932110.91035507,3972202,4696.991744125802,15.087880956294535
PE,2015,729552.0,132569438.61,235369454.00063512,9345173,7806.725461369202,25.186206183730906
PI,2015,258724.0,47017153.8,83476266.73690331,3204028,8074.960643290259,26.05353846374105
PR,2015,662677.0,120621226.74,214156087.37849063,11163018,5936.3605791910395,19.184425518125174
RJ,2015,1337450.0,247386148.66,439219954.07040936,16550024,8081.257163131607,26.538931549006175
RN,2015,252433.0,45743173.89,81214388.29064533,3442175,7333.5318512277845,23.59391614041858
RO,2015,85559.0,15534184.65,27580056.14078045,1768204,4838.751637254525,15.597779521356387
RR,2015,28705.0,5112544.97,9077031.107317545,505665,5676.683179575411,17.950680998917356
RS,2015,772818.0,143474119.45,254730090.97906145,11247972,6870.731897270015,22.64675720912725
SC,2015,358142.0,65811668.86,116844852.99827129,6819190,5251.972741630604,17.13471145374616
SE,2015,116083.0,20936976.560000002,37172404.08514163,2242937,5175.490885388221,16.573093263494084
SP,2015,3139709.0,574465263.97,1019930211.2210221,44396484,7071.976690766774,22.973220384321923
TO,2015,63373.0,11470902.39,20365930.947113637,1515126,4182.6884364732705,13.441740784009802
AC,2016,38414.0,7087851.31,11572718.066060478,816687,4703.6379910541,14.17032237082319
AL,2016,229215.0,41947390.68,68489772.81191483,3358963,6823.981091783387,20.390153988571722
AM,2016,103437.0,19170810.85,31301219.419178706,4001667,2584.8477646940637,7.822045017533619
AP,2016,32687.0,5874762.92,9592043.06136978,782295,4178.3470429952895,12.26141425085138
BA,2016,914200.0,166687695.61,272160013.2404353,15276566,5984.329200685546,17.815523020057995
CE,2016,649362.0,119091014.86,194446339.0804115,8963663,7244.382123692067,21.692731986957956
DF,2016,138846.0,25196754.25,41140103.0244046,2977216,4663.618628947312,13.818313157125516
ES,2016,315043.0,57509232.47,93898433.31389534,3973697,7928.208919804404,23.629993256631128
GO,2016,560737.0,102719356.97,167715448.0461067,6695855,8374.389827736712,25.04765232313225
MA,2016,321283.0,59456218.53,97077382.72542441,6954036,4620.094000088581,13.959861974459782
MG,2016,1882595.0,343913428.15,561526049.1563976,20997560,8965.779833466364,26.742442891288206
MS,2016,203516.0,37246342.67,60814117.545559555,2682386,7587.1257902479365,22.671650368574678
MT,2016,239813.0,44094862.82,71996066.68631884,3305531,7254.900952373461,21.780484492905632
PA,2016,288921.0,52629818.900000006,85931550.95370097,8272724,3492.4530299814182,10.38733444433792
PB,2016,191731.0,35102177.92,57313223.82563542,3999415,4793.976119007405,14.330401777668838
PE,2016,742406.0,135899416.3,221890324.92303842,9410336,7889.261339871392,23.579426379997315
PI,2016,280587.0,51386467.98,83901464.68001798,3212180,8735.09579164306,26.119789264617168
PR,2016,671689.0,123630824.98,201858732.5258107,11242720,5974.4350121678735,17.95461707894626
RJ,2016,1313558.0,246561179.36,402573768.8293365,16635996,7895.878311103224,24.19895802026741
RN,2016,254942.0,46375682.25,75720083.89104527,3474998,7336.464654080377,21.78996473984885
RO,2016,111669.0,20621521.45,33669873.05410455,1787279,6247.989261889162,18.838621756370745
RR,2016,32016.0,5678171.93,9271058.32254098,514229,6226.019924975059,18.029046052519362
RS,2016,774419.0,146631495.36,239413170.6758582,11286500,6861.4628095512335,21.21234844069093
SC,2016,375421.0,69747716.06,113880867.19246069,6910553,5432.575366978591,16.4792697765954
SE,2016,122598.0,22157168.37,36177206.81110659,2265779,5410.854280139413,15.966785291551645
SP,2016,3219350.0,595101253.15,971653992.4797372,44749699,7194.126601834797,21.713084427221222
TO,2016,64176.0,11667161.73,19049605.7870069,1532902,4186.569004411242,12.427151759869124
AC,2017,46472.0,9291276.08,14664959.566428294,829619,5601.607484881614,17.67674024633994
AL,2017,229039.0,45202661.54,71345980.68891343,3375823,6784.686282426537,21.134396172107788
AM,2017,102427.0,20374336.45,32157996.13093148,4063614,2520.5888157684267,7.913644389189397
AP,2017,39319.0,7634081.04,12049312.582522772,797722,4928.910071428392,15.104651222509561
BA,2017,935409.0,184253167.56,290817453.8124087,15344447,6096.0750165841755,18.952618742950378
CE,2017,673018.0,132993892.55,209911969.03791276,9020460,7461.016400493987,23.27065017060247
DF,2017,135989.0,26731089.94,42191228.60642176,3039444,4474.140665200609,13.881232424884868
ES,2017,306669.0,60314842.36,95198411.5905096,4016356,7635.503426489086,23.702682628360034
GO,2017,580806.0,114241007.01,180313202.8587511,6778772,8568.012023416632,26.599685438417325
MA,2017,342703.0,68208538.78,107657490.17478947,7000229,4895.596986898571,15.379138336015789
MG,2017,1918132.0,377735516.13,596201858.9431876,21119536,9082.263928525703,28.22987488660677
MS,2017,214468.0,42429328.58,66968668.533676855,2713147,7904.768890148599,24.683022532017933
MT,2017,250753.0,49727429.129999995,78487683.63515021,3344544,7497.374828975191,23.467379599476104
PA,2017,340249.0,67940613.76,107234608.58658737,8366628,4066.73991003305,12.816944722125493
PB,2017,200291.0,39775978.32,62780732.028138,4025558,4975.484144061519,15.595535334017793
PE,2017,770475.0,151876664.28,239715742.1190529,9473266,8133.150700085905,25.304445385472434
PI,2017,298563.0,58840499.45,92871370.72163033,3219257,9274.282854708401,28.84869729929308
PR,2017,699678.0,138582579.46,218732917.51247114,11320892,6180.414052178927,19.32117341217204
RJ,2017,1301134.0,261389827.36999997,412566714.88947105,16718956,7782.3878476622585,24.676583567148036
RN,2017,266152.0,52332135.64,82598842.89063565,3507003,7589.158036078099,23.552544121187136
RO,2017,131067.0,26045583.02,41109253.302088015,1805788,7258.160980137203,22.765271062875605
RR,2017,36321.0,6992733.16,11037036.050512277,522636,6949.578674258949,21.11801722520507
RS,2017,777112.0,157216020.52,248143157.54575676,11322895,6863.191789732219,21.915169004548464
SC,2017,394851.0,78800467.0,124375344.40055807,7001161,5639.7931714468505,17.764959897445305
SE,2017,131610.0,25894199.93,40870316.59686302,2288116,5751.8936976971445,17.86199501986045
SP,2017,3273673.0,652284525.0,1029538472.7101862,45094866,7259.524842584076,22.83050298253877
TO,2017,63939.0,12516581.75,19755646.446536794,1550194,4124.580536371577,12.743983299210806
AC,2018,47817.0,9576319.52,14580506.418268308,869265,5500.854169902159,16.77337338817082
AL,2018,237954.0,46909215.66,71422023.73031953,3322820,7161.206445127934,21.494400458140834
AM,2018,101989.0,20271810.92,30865017.464348517,4080611,2499.356101328943,7.563822541366603
AP,2018,42258.0,8203264.68,12489950.13874534,829494,5094.431062792498,15.057312215332889
BA,2018,996101.0,196522095.93,299216382.14499605,14812617,6724.679372996682,20.20010253049789
CE,2018,697768.0,137988417.26,210095433.77329952,9075649,7688.353747484064,23.149356456304062
DF,2018,146572.0,28807135.54,43860548.27803981,2974703,4927.281816033399,14.744513411268223
ES,2018,301298.0,59208552.81,90148483.71126437,3972388,7584.807929134818,22.693776063985787
GO,2018,598519.0,117637323.09,179109702.92495498,6921161,8647.667638420779,25.87856328222317
MA,2018,369276.0,73514307.78,111929832.14294857,7035055,5249.08476195282,15.910299513358256
MG,2018,1985379.0,390906963.66,595178709.3869238,21040662,9435.91508670212,28.28707145178815
MS,2018,226485.0,45229528.339999996,68864601.57050171,2748023,8241.743245962643,25.059688936556103
MT,2018,260677.0,51649836.47,78639896.10836872,3441998,7573.421018838478,22.847164963015295
PA,2018,371014.0,74123775.48,112857782.35315387,8513497,4357.950675263056,13.25633665615362
PB,2018,221407.0,43870275.51,66795059.6582385,3996496,5540.028064584576,16.713405858091313
PE,2018,819109.0,161298916.73,245587032.2340174,9496294,8625.564878256719,25.86135520172579
PI,2018,316319.0,62341213.52,94918142.81599858,3264531,9689.569497119188,29.075583235692534
PR,2018,749564.0,148846776.58,226627920.75083548,11348937,6604.706678695988,19.96908791993783
RJ,2018,1303191.0,261584221.84,398277273.172673,17159960,7594.3708493492995,23.209685405599604
RN,2018,279336.0,54968187.82,83692280.07025477,3479010,8029.180715203463,24.05634938394968
RO,2018,144314.0,28643807.93,43611872.44167994,1757589,8210.90710057926,24.813464605024233
RR,2018,35220.0,6811713.24,10371231.704184324,576568,6108.55961482427,17.987872556548965
RS,2018,789601.0,159385126.23,242673174.29410702,11329605,6969.3603616366145,21.41938525607089
SC,2018,415612.0,82879144.76,126188344.02820429,7075494,5873.964418597486,17.834563074776728
SE,2018,134875.0,26561266.55,40441081.419723794,2278308,5919.963411443931,17.750489143576633
SP,2018,3427889.0,685506968.18,1043724442.1974068,45538936,7527.3805255353345,22.91938578005878
TO,2018,66798.0,13114374.97,19967402.719000153,1555229,4295.058798414895,12.838882710520544
AC,2019,51784.0,10185099.67,14949353.96597329,881935,5871.634530889465,16.95063010989845
AL,2019,250986.0,49494309.93,72646118.58679599,3337357,7520.502002033346,21.767559954417816
AM,2019,116850.0,23052023.67,33835001.38833936,4144597,2819.333218645866,8.163640852980244
AP,2019,43762.0,8499067.15,12474650.94329566,845731,5174.458545329425,14.750140344028608
BA,2019,1044996.0,205648113.89,301843530.9014898,14873064,7026.09764874272,20.29464345083769
CE,2019,733089.0,144756941.49,212469472.80641535,9132078,8027.6252568144955,23.266278803840194
DF,2019,180693.0,35617735.27,52278539.16696736,3015268,5992.6016526557505,17.33794116044324
ES,2019,291212.0,57198664.24,83954316.1883087,4018650,7246.513132519627,20.891173948542097
GO,2019,617603.0,121510526.29,178349149.93040153,7018354,8799.826853988841,25.41182019749952
MA,2019,393318.0,77933911.44,114388829.35049129,7075181,5559.122798413214,16.16761880021038
MG,2019,2057034.0,404842684.54,594214763.5088702,21168791,9717.295616929658,28.07032123416355
MS,2019,240454.0,47235466.160000004,69330662.07034901,2778986,8652.580473597205,24.948186881959465
MT,2019,273344.0,54042149.43,79321287.67386836,3484466,7844.64534881385,22.764259336686987
PA,2019,394379.0,78050564.1,114560048.28421944,8602865,4584.275122299374,13.316499594521062
PB,2019,271104.0,53550745.16,78600020.6651361,4018127,6747.024173203086,19.561357982247973
PE,2019,861873.0,170023848.42,249555406.92195982,9557071,9018.170943796484,26.11212231466731
PI,2019,341096.0,67240347.95,98693168.92995672,3273227,10420.786581560033,30.15164207369569
PR,2019,797574.0,157917840.49,231786607.05508038,11433957,6975.48538970367,20.271775296608197
RJ,2019,1318349.0,264327607.73000002,387971360.022509,17264943,7635.988140823864,22.471627043454994
RN,2019,290392.0,57085013.49,83787503.35924502,3506853,8280.700673794996,23.892505148988285
RO,2019,148769.0,29340708.82,43065326.40566044,1777225,8370.859063990209,24.23178067248685
RR,2019,36473.0,7157442.68,10505458.717271885,605761,6021.021491974558,17.342580188014555
RS,2019,818886.0,165275732.19,242586278.24441466,11377239,7197.581065142431,21.32206928626661
SC,2019,434810.0,86470299.83,126918259.18111119,7164788,6068.70712713342,17.714168120691244
SE,2019,138504.0,27093733.990000002,39767290.7285778,2298696,6025.329143131585,17.29993471454155
SP,2019,3580796.0,711874677.95,1044866214.8524454,45919049,7798.062194188735,22.754526446147555
TO,2019,70832.0,13902714.89,20405947.188793432,1572866,4503.371552312784,12.973735326972184
AC,2020,57349.0,11273637.02,16032157.538169717,894470,6411.506255100787,17.923639180933645
AL,2020,260698.0,51019530.78,72554505.12885672,3351543,7778.447121221479,21.64809018677568
AM,2020,158129.0,31090085.07,44212984.75665649,4207714,3758.0738614839315,10.507602169885237
AP,2020,42341.0,8222947.03,11693793.403061405,861773,4913.2428145230815,13.569459014219992
BA,2020,1150544.0,225679952.07,320937824.978228,14930634,7705.928629688465,21.495257668108934
CE,2020,767585.0,150409377.87,213896086.680103,9187103,8355.027694802158,23.282212758483606
DF,2020,184630.0,35954106.06,51130073.770814255,3055149,6043.240444246745,16.735705450311674
ES,2020,304756.0,59669160.68,84855081.15038835,4064052,7498.821373348569,20.87942800692224
GO,2020,622085.0,121674980.13,173033107.81047574,7113540,8745.08331997852,24.32447245822414
MA,2020,402471.0,78678274.04,111887803.55468363,7114598,5656.974575373057,15.726510978509767
MG,2020,2142813.0,419738750.92,596907437.0308243,21292666,10063.620027665864,28.03347580010997
MS,2020,253329.0,49458096.55,70334000.82164507,2809394,9017.211540994249,25.035292601053847
MT,2020,282067.0,55459690.28,78868823.78860375,3526220,7999.13221523331,22.366393415216223
PA,2020,407780.0,80283869.73,114171109.55424882,8690745,4692.117879422305,13.137091187723128
PB,2020,285629.0,56014684.54,79658077.10528539,4039277,7071.290233375924,19.720875073753394
PE,2020,895892.0,175674107.05,249824875.02537063,9616621,9316.078901310553,25.97844659006221
PI,2020,353049.0,69062704.5,98213571.76852432,3281480,10758.834428367687,29.929657279192412
PR,2020,833281.0,163979904.79999998,233194634.72025755,11516840,7235.326704200111,20.248143997855102
RJ,2020,1321759.0,263281220.66,374410316.6506548,17366189,7611.105695095222,21.559728311758832
RN,2020,308654.0,60294865.59,85744891.57019608,3534165,8733.43491319732,24.261711484946538
RO,2020,149662.0,29104259.41,41388956.47119908,1796460,8330.939737038398,23.03917508388669
RR,2020,37171.0,7312114.58,10398505.174127713,631181,5889.118969043745,16.474680280502284
RS,2020,840806.0,167863698.85999998,238717750.11817798,11422973,7360.658210432608,20.89804030160782
SC,2020,442202.0,87291073.13,124136002.74812233,7252502,6097.233754640813,17.11630038131976
SE,2020,141550.0,27522695.19,39139825.45103319,2318822,6104.3926614462,16.879184970227637
SP,2020,3715912.0,734303939.0,1044248312.2404598,46289333,8027.5773254283,22.559156603973097
TO,2020,74165.0,14512685.38,20638384.746757835,1590248,4663.737983006424,12.978091937080151
AC,2021,55466.0,10965851.84,14399094.62005443,906876,6116.161415673146,15.877688482278094
AL,2021,262279.0,51682485.58,67863492.13213687,3365351,7793.510988898335,20.165353370907482
AM,2021,150818.0,29860678.34,39209606.24949223,4269995,3532.041606606097,9.182588328438845
AP,2021,43717.0,8492738.28,11151686.513856664,877613,4981.352828638591,12.706838337463854
BA,2021,1149998.0,224528907.95,294825521.78176624,14985284,7674.182217701046,19.67433662129902
CE,2021,780823.0,153492973.13,201549307.41908896,9240580,8449.934960792505,21.811326498887404
DF,2021,182130.0,35465721.61,46569504.009539776,3094325,5885.936351223611,15.049971806303402
ES,2021,334115.0,65288552.82,85729413.76359153,4108508,8132.270887631228,20.86631296898814
GO,2021,591984.0,115390516.60000001,151517546.56393033,7206589,8214.482607513763,21.024863019651924
MA,2021,426909.0,83928211.48,110204868.3517922,7153262,5968.032486437656,15.406239608138526
MG,2021,2135226.0,416652424.08,547100012.4330482,21411923,9972.135618085307,25.551185310775136
MS,2021,252203.0,48979209.32,64313860.85680798,2839188,8882.927090421626,22.652202269384055
MT,2021,280567.0,55250628.06,72548766.1935595,3567234,7865.113418407652,20.337540568843956
PA,2021,433729.0,85608286.42999999,112410949.42299454,8777124,4941.584509914637,12.80726459179505
PB,2021,296813.0,58197150.13,76417799.87238848,4059905,7310.836090992278,18.822558624497
PE,2021,907777.0,177069765.16,232507637.35374865,9674793,9382.908760941966,24.032311322190424
PI,2021,347281.0,67869960.78999999,89119021.62582876,3289290,10557.931954920363,27.093695486207892
PR,2021,840451.0,163795931.16,215077966.177661,11597484,7246.839055781409,18.545226376484848
RJ,2021,1262203.0,251587193.2,330355347.9417349,17463349,7227.725907556448,18.917067278546337
RN,2021,326112.0,63886458.29,83888344.58827329,3560903,9158.126463989613,23.558166169725286
RO,2021,139982.0,27424366.740000002,36010522.24177539,1815278,7711.325758368691,19.837469655763687
RR,2021,35720.0,7109171.29,9334945.571805611,652713,5472.543062571145,14.301761374150065
RS,2021,847192.0,168082804.6,220706995.0198707,11466630,7388.325951042285,19.247764602142976
SC,2021,448485.0,88496855.28,116203885.6029249,7338473,6111.421272518138,15.834886304402142
SE,2021,141008.0,27517918.540000003,36133363.69903116,2338474,6029.915235320128,15.451685030079942
SP,2021,3680720.0,725559461.66,952721183.3018979,46649132,7890.221837353802,20.42312777227876
TO,2021,73701.0,14467650.74,18997253.927439574,1607363,4585.211927859482,11.81889462892923
AC,2022,54126.0,11958856.889999999,14369490.598632634,830018,6521.0633986250905,17.31226382877556
AL,2022,277361.0,61149993.39999999,73476442.05045317,3127683,8867.938342856358,23.49229191399933
AM,2022,168584.0,36970768.76,44423235.34829432,3941613,4277.0307485793255,11.270318863950955
AP,2022,47951.0,10536125.06,12659968.372251982,733759,6534.979468735648,17.253578316929648
BA,2022,1183647.0,259099463.36,311328025.50514346,14141626,8369.949820480333,22.01500913014836
CE,2022,825346.0,181734004.82999998,218367449.15312243,8794957,9384.30966746057,24.828711402809862
DF,2022,172027.0,37540951.84,45108354.37621836,2817381,6105.91893677142,16.01073989503669
ES,2022,335247.0,73362232.31,88150390.7246145,3833712,8744.71008776872,22.993482745864714
GO,2022,590278.0,129017938.39,155025022.0236618,7056495,8365.03108129461,21.969125185189217
MA,2022,477486.0,105238593.07000001,126452301.2226372,6776699,7045.996878421191,18.659866879528987
MG,2022,2162934.0,473386904.04,568810943.193634,20539989,10530.356174971661,27.69285529771384
MS,2022,254876.0,55946673.46,67224251.0887878,2757013,9244.642662185488,24.383001127955435
MT,2022,297245.0,65586858.21,78807677.95043382,3658649,8124.44702949094,21.54010345087321
PA,2022,463058.0,102162976.56,122756710.33698992,8120131,5702.592729107449,15.117577578119112
PB,2022,306519.0,67324620.09,80895733.12385118,3974687,7711.77705313651,20.35273044741666
PE,2022,946972.0,206899434.57,248605657.48571503,9058931,10453.462996903278,27.44315609487643
PI,2022,358912.0,78759726.89,94635897.51986143,3271199,10971.879118329396,28.93003376433578
PR,2022,872037.0,191551019.84,230163351.23560235,11444380,7619.783684218804,20.111474036654005
RJ,2022,1275305.0,282446771.21,339381619.90299034,16055174,7943.264893921424,21.13845791412727
RN,2022,340788.0,74799619.25,89877522.19804141,3302729,10318.37610654704,27.213108371301857
RO,2022,145656.0,31845302.86,38264592.031369224,1581196,9211.761223782503,24.19977790948701
RR,2022,37739.0,8450868.21,10154371.141895857,636707,5927.216129239981,15.94826370983177
RS,2022,855849.0,189059048.97,227169055.68395358,10882965,7864.11607498508,20.873820294740778
SC,2022,468901.0,103125769.92999999,123913580.96483476,7610361,6161.350295997786,16.282221167279026
SE,2022,148521.0,32548770.25,39109862.45646331,2210004,6720.395076208007,17.696738311995503
SP,2022,3724327.0,821567624.14,987176981.8645835,44411238,8386.001308947974,22.228089698030562
TO,2022,74428.0,16340552.46,19634436.393897958,1511460,4924.245431569476,12.990377776387042
AC,2023,56710.0,13180767.790000001,15142146.928557726,854945,6633.175233494552,17.711252687082474
AL,2023,294081.0,67964638.5,78078193.8131171,3173521,9266.71038256876,24.603017850871982
AM,2023,169950.0,39308585.08,45157943.7797737,4107633,4137.419287458251,10.99366564144696
AP,2023,53009.0,12284229.66,14112198.422688903,767510,6906.620109184246,18.386989645332182
BA,2023,1260296.0,290177153.26,333357294.50503683,14491366,8696.875091002463,23.003855848029566
CE,2023,901033.0,207959082.1,238904669.77767757,9011401,9998.811505558348,26.511379282497536
DF,2023,183138.0,41769607.8,47985181.78399915,2898920,6317.456156085715,16.552778891448938
ES,2023,337164.0,77476604.16,89005598.33900441,3965506,8502.42062425325,22.44495364248709
GO,2023,605684.0,139381188.53,160121964.77655,7201630,8410.373762606521,22.23412821493884
MA,2023,516490.0,119271502.0,137019833.47616252,6892758,7493.226949212492,19.878810989180604
MG,2023,2252287.0,516957428.82,593883866.8367028,20927171,10762.50105664067,28.378602479843206
MS,2023,273945.0,63096975.199999996,72486192.34084564,2828427,9685.418785777394,25.62774020359926
MT,2023,312618.0,72304755.15,83064146.45627339,3746012,8345.355006871308,22.174020386553323
PA,2023,488322.0,112895208.87,129694708.79660748,8387421,5822.075701219719,15.46300213100159
PB,2023,314071.0,72414987.37,83190781.90711318,4058830,7737.968823527963,20.49624692512699
PE,2023,978329.0,225488016.95000002,259042017.70980558,9295623,10524.620028157338,27.867095912754376
PI,2023,377015.0,86726326.03,99631735.589529,3322953,11345.781899412961,29.982890395840386
PR,2023,913652.0,210948306.93,242338709.6074888,11632627,7854.218999715197,20.832672586122534
RJ,2023,1329030.0,309794332.14,355893629.99454623,16626981,7993.2129591054445,21.40458511346986
RN,2023,375942.0,86607767.32000001,99495534.6158769,3373553,11143.800023298878,29.492803170982313
RO,2023,132260.0,30620915.529999997,35177495.68382428,1661552,7960.027733107359,21.17146841255903
RR,2023,42783.0,10031371.66,11524101.326322662,675536,6333.1931976978285,17.059196440045625
RS,2023,873089.0,203379152.92,233643219.02830896,11054976,7897.701451364526,21.134665423815388
SC,2023,499741.0,115190343.21000001,132331373.21181893,7830657,6381.852761524352,16.89914054616604
SE,2023,164886.0,37842139.09,43473281.62676764,2249881,7328.654271048113,19.322480445306947
SP,2023,3880067.0,899626880.93,1033496881.8931122,45185105,8587.048763082435,22.8725125656588
TO,2023,76623.0,17619017.95,20240835.95025506,1543961,4962.754888238757,13.109680847025967
AC,2024,75651.0,18572622.54,20443481.06412664,880631,8590.544734400673,23.21458257105035
AL,2024,319987.0,77984996.65,85840585.99514587,3220104,9937.163520184442,26.657706085004047
AM,2024,172003.0,42109777.67,46351582.31193062,4281209,4017.6267965427523,10.826750647289263
AP,2024,57087.0,14008239.85,15419318.70410043,802837,7110.658826137808,19.206038964447863
BA,2024,1407686.0,342500268.46,377001025.98005533,14850513,9479.039545637246,25.386397492130765
CE,2024,969687.0,236698606.57999998,260541744.7698472,9233656,10501.65828140013,28.21653143346982
DF,2024,180712.0,43747767.03,48154569.7140749,2982818,6058.431992833623,16.143985222723916
ES,2024,351766.0,85739414.94,94376122.8119584,4102129,8575.205704159962,23.006619931249944
GO,2024,619667.0,151419328.78,166672109.65978616,7350483,8430.289546959024,22.674987434129996
MA,2024,543452.0,132672409.77,146036774.88322258,7010960,7751.463422983443,20.82978292319776
MG,2024,2324515.0,563949274.09,620757046.085258,21322691,10901.602429074266,29.112509583582018
MS,2024,287786.0,69985270.39,77035030.83123273,2901895,9917.17481163171,26.546456998352017
MT,2024,325567.0,79685376.35,87712248.44474925,3836399,8486.265375421064,22.86317154309269
PA,2024,524568.0,128098190.35,141001784.91912186,8664306,6054.356805957685,16.27386947311439
PB,2024,337031.0,82032697.92,90296020.5514811,4145040,8130.946866616486,21.784113193474877
PE,2024,1047375.0,255785911.43,281551753.1531969,9539029,10979.891139863397,29.515766557916624
PI,2024,400888.0,97490432.49000001,107310844.56437953,3375646,11875.889829680007,31.7897210087727
PR,2024,935301.0,228276911.05,251271714.5021996,11824665,7909.746280338598,21.249795618074558
RJ,2024,1375505.0,339410799.4,373600348.33798903,17219679,7987.982818959634,21.696127340003784
RN,2024,391497.0,95337211.55,104940725.24391381,3446071,11360.677130564054,30.452281814249854
RO,2024,137267.0,33669416.08,37061005.71361103,1746227,7860.776405358524,21.22347536351862
RR,2024,44879.0,11108003.61,12226935.693772268,716793,6261.0823487394555,17.057833563905156
RS,2024,886015.0,218588890.97,240607800.2042698,11229915,7889.774766772501,21.425611877228793
SC,2024,536575.0,130623314.19,143781269.68474588,8058441,6658.545989230423,17.842318344794716
SE,2024,180437.0,43847593.36,48264451.755916916,2291077,7875.641019485595,21.066272218662625
SP,2024,4065005.0,998632921.62,1099227272.7872891,45973194,8842.120040648035,23.91017845719593
TO,2024,86688.0,21048499.59,23168758.309155963,1577342,5495.8277913096845,14.688481197581732
AC,2025,86091.0,21109737.75,22126150.824980337,884372,9734.704400410688,25.019054001009007
AL,2025,345832.0,84347200.71000001,88408435.32385184,3220848,10737.296513216395,27.448807060703217
AM,2025,169564.0,41494503.87,43492423.35023088,4321616,3923.6248662537346,10.063925936554956
AP,2025,57832.0,14232831.17,14918127.968401756,806517,7170.586608837755,18.496978945765257
BA,2025,1501169.0,365102144.94,382681453.5138539,14870907,10094.670083001662,25.733565108964363
CE,2025,1025394.0,250328458.8,262381527.4632522,9268836,11062.81306520042,28.307926417432803
DF,2025,179135.0,43382189.7,45470999.39316434,2996899,5977.34524920593,15.172683294687054
ES,2025,363625.0,88596540.77,92862376.92121682,4126854,8811.191285177521,22.501977758655094
GO,2025,630599.0,154031787.16,161448265.95694822,7423629,8494.484301411076,21.74788987393473
MA,2025,556667.0,135875292.21,142417553.6632015,7018211,7931.750698290491,20.292572232895463
MG,2025,2421162.0,587719735.9,616017862.1518408,21393441,11317.309824071779,28.794706852059974
MS,2025,293686.0,71499314.63,74941936.1870615,2924631,10041.813821983013,25.62440738235405
MT,2025,336424.0,82424010.01,86392644.88640788,3893659,8640.304659447578,22.188035697632454
PA,2025,585342.0,143454777.71,150361983.92258507,8711196,6719.421764818516,17.260773827449764
PB,2025,337464.0,82090284.17,86042850.4760044,4164468,8103.4120084486185,20.661186609190995
PE,2025,1066547.0,260561370.91000003,273107144.20970505,9562007,11154.007730803794,28.561696745223575
PI,2025,412979.0,100420745.89,105255905.8683315,3384547,12201.89880654634,31.098964165169374
PR,2025,954587.0,248157347.25,260105879.0311367,11890517,8028.137043999011,21.875068933599497
RJ,2025,1419521.0,349859653.36,366705050.98144567,17223547,8241.74602362684,21.290913595291705
RN,2025,395692.0,96346291.2,100985270.1992319,3455236,11451.952920147856,29.226735944876673
RO,2025,140983.0,34635427.89,36303089.619475275,1751950,8047.204543508661,20.7215329315764
RR,2025,46294.0,11437050.82,11987733.549000865,738772,6266.344690919525,16.2265672616191
RS,2025,893964.0,220332993.64,230941810.20785412,11233263,7958.186325736342,20.55874684033073
SC,2025,556403.0,135138413.98,141645195.47241232,8187029,6796.152792423234,17.30117182587387
SE,2025,196277.0,47771283.8,50071424.049867205,2299425,8535.916587842612,21.775628276576626
SP,2025,4187021.0,1025992036.32,1075392542.0435421,46081801,9086.061979218217,23.33659967073644
TO,2025,103207.0,25052679.59,26258941.4299212,1586859,6503.854469741797,16.547747109176807
