alvo,escala,modelo,tipo,inicio_teste,fim_teste,meses_teste,MAE,RMSE,MAPE_pct,MASE,vies_pct,convergiu
valor_aprovado,nominal,regressao_linear,aprendizagem,2022-01,2022-12,12,20532802.578869164,21854349.722019218,6.571530667984675,1.8068652167721682,-6.520186617282153,True
valor_aprovado,nominal,regressao_linear,aprendizagem,2022-02,2023-01,12,20062573.007213477,21237436.786059987,6.397013348699335,1.7187460237942571,-6.236812682060178,True
valor_aprovado,nominal,regressao_linear,aprendizagem,2022-03,2023-02,12,19945679.759686187,21397904.94757287,6.347382806449422,1.67085481813687,-6.371538551251,True
valor_aprovado,nominal,regressao_linear,aprendizagem,2022-04,2023-03,12,19482274.277976304,21057330.960657064,6.149193872586004,1.5922317103921309,-6.080676722997957,True
valor_aprovado,nominal,regressao_linear,aprendizagem,2022-05,2023-04,12,18233035.363096293,20047315.642499533,5.744258582093194,1.4509558074498694,-5.628082292827696,True
valor_aprovado,nominal,regressao_linear,aprendizagem,2022-06,2023-05,12,18977050.115425315,20924493.519125476,5.924143487543121,1.467232340824053,-5.785785672067723,True
valor_aprovado,nominal,regressao_linear,aprendizagem,2022-07,2023-06,12,18686556.30710904,20546130.16137713,5.815858142845513,1.4041568547060976,-5.644511492576454,True
valor_aprovado,nominal,regressao_linear,aprendizagem,2022-08,2023-07,12,19964488.53384317,22134493.545848288,6.139728690285518,1.4714766434712783,-5.969364385043907,True
valor_aprovado,nominal,regressao_linear,aprendizagem,2022-09,2023-08,12,20683821.908229273,23987498.443401083,6.245308572529407,1.4668272693977789,-6.094587462395806,True
valor_aprovado,nominal,regressao_linear,aprendizagem,2022-10,2023-09,12,23393313.8694341,27567834.37444742,6.9267032255514245,1.6164958897354877,-6.819792986269546,True
valor_aprovado,nominal,regressao_linear,aprendizagem,2022-11,2023-10,12,26211232.91058586,30788742.48761746,7.637858542278249,1.7690855218462036,-7.555919097633557,True
valor_aprovado,nominal,regressao_linear,aprendizagem,2022-12,2023-11,12,29115181.410162833,33645545.46961271,8.378903869758485,1.9234873551073015,-8.298940543935739,True
valor_aprovado,nominal,regressao_linear,aprendizagem,2023-01,2023-12,12,31389817.147787023,36377431.277429216,8.892703175934907,2.0283413910440853,-8.827635749859141,True
valor_aprovado,nominal,regressao_linear,aprendizagem,2023-02,2024-01,12,34563322.572196275,39541898.99038843,9.665361176261404,2.233410230980243,-9.56099169630873,True
valor_aprovado,nominal,regressao_linear,aprendizagem,2023-03,2024-02,12,37441975.56097659,41412482.765510365,10.429056403405777,2.4210387990711273,-10.699594198074102,True
valor_aprovado,nominal,regressao_linear,aprendizagem,2023-04,2024-03,12,38334510.29696613,42228698.80514766,10.588060560750051,2.4720783732308793,-10.828005463914758,True
valor_aprovado,nominal,regressao_linear,aprendizagem,2023-05,2024-04,12,42637332.07352669,44838383.10945831,11.736253565833508,2.772916967962477,-11.893833854165692,True
valor_aprovado,nominal,regressao_linear,aprendizagem,2023-06,2024-05,12,44974186.54043835,47067016.118144505,12.238341963981615,2.897988195124774,-12.392250927819227,True
valor_aprovado,nominal,regressao_linear,aprendizagem,2023-07,2024-06,12,46741230.19925228,47689586.77966447,12.704156051101979,3.0124744436420543,-12.765172445013185,True
valor_aprovado,nominal,regressao_linear,aprendizagem,2023-08,2024-07,12,48383374.56653825,49168022.775450714,13.023335421169755,3.0771029587971914,-13.073058836540241,True
valor_aprovado,nominal,regressao_linear,aprendizagem,2023-09,2024-08,12,48381466.82779407,49206159.963022195,12.921623053208938,3.0380800837817676,-12.974911770670793,True
valor_aprovado,nominal,regressao_linear,aprendizagem,2023-10,2024-09,12,45764636.0041436,46819475.34905253,12.207480873844073,2.806574463428741,-12.264087212023089,True
valor_aprovado,nominal,regressao_linear,aprendizagem,2023-11,2024-10,12,45498782.049836874,46704885.25674926,12.040372327458748,2.7260149162504344,-12.108395106992242,True
valor_aprovado,nominal,regressao_linear,aprendizagem,2023-12,2024-11,12,44196621.81311588,45403153.379720345,11.650049776720412,2.5888544679152345,-11.714954747347994,True
valor_aprovado,nominal,regressao_linear,aprendizagem,2024-01,2024-12,12,42504828.66009262,43754972.647924304,11.160865977847306,2.4406774829077706,-11.227277853904639,True
valor_aprovado,nominal,regressao_linear,aprendizagem,2024-02,2025-01,12,40608492.48378148,41953460.773782805,10.612115527760684,2.2776900857565323,-10.687600741179427,True
valor_aprovado,nominal,regressao_linear,aprendizagem,2024-03,2025-02,12,38599924.60466396,40537527.87702029,10.062422550592357,2.1123491203958507,-10.151827799688174,True
valor_aprovado,nominal,regressao_linear,aprendizagem,2024-04,2025-03,12,37496897.66639119,39524003.49131025,9.727960993376666,2.031048466272121,-9.819567277348506,True
valor_aprovado,nominal,regressao_linear,aprendizagem,2024-05,2025-04,12,36090887.07061687,38208357.66913922,9.324871487253573,1.906210599680081,-9.418124583642552,True
valor_aprovado,nominal,regressao_linear,aprendizagem,2024-06,2025-05,12,34395230.739999585,36652913.525357254,8.83815082939,1.7846064849690888,-8.942138514248576,True
valor_aprovado,nominal,regressao_linear,aprendizagem,2024-07,2025-06,12,33757263.360107295,36043475.891587324,8.655707746933828,1.7342060236971977,-8.745656560328452,True
valor_aprovado,nominal,regressao_linear,aprendizagem,2024-08,2025-07,12,32053600.349531043,34421372.06711857,8.180109942633768,1.6241741855979337,-8.276530742488397,True
valor_aprovado,nominal,regressao_linear,aprendizagem,2024-09,2025-08,12,29423584.24979116,31852248.816534363,7.49933870120592,1.4810362244520512,-7.592349306954727,True
valor_aprovado,nominal,regressao_linear,aprendizagem,2024-10,2025-09,12,29963834.60151298,32048909.16006134,7.609775900588178,1.5203038069452965,-7.683474843711591,True
valor_aprovado,nominal,regressao_linear,aprendizagem,2024-11,2025-10,12,28356201.235226616,30483636.302102797,7.166659049257164,1.4308448886354856,-7.247145604104421,True
valor_aprovado,nominal,regressao_linear,aprendizagem,2024-12,2025-11,12,25894595.11596264,28669752.41910501,6.530039867039199,1.3077214799558678,-6.619525032268747,True
valor_aprovado,nominal,regressao_linear,aprendizagem,2025-01,2025-12,12,25636177.670388933,28765124.805306837,6.406928521545802,1.2970833692767785,-6.515747790981141,True
valor_aprovado,nominal,regressao_linear,aprendizagem,2025-02,2026-01,12,24405699.94463792,27498521.3927489,6.072035528737476,1.236710156100617,-6.1299459007611246,True
valor_aprovado,nominal,regressao_linear,aprendizagem,2025-03,2026-02,12,25039174.822567835,27640647.720805738,6.241927911686474,1.2785432136024968,-5.976270453080767,True
valor_aprovado,nominal,regressao_linear,aprendizagem,2025-04,2026-03,12,24726321.32414264,27292816.539146073,6.130846766921693,1.2625642174845375,-5.81179037785332,True
valor_aprovado,nominal,regressao_linear,aprendizagem,2025-05,2026-04,12,23142448.389248747,25940413.765446894,5.725881617151806,1.1835297268406142,-5.363963673652938,True
valor_aprovado,nominal,regressao_linear,aprendizagem,2025-06,2026-05,12,22442693.607458245,25441754.47668651,5.510740042372642,1.1489546242681523,-5.117138669324683,True
valor_aprovado,nominal,regressao_linear,aprendizagem,2025-07,2026-06,12,23493628.628398746,25874530.599668752,5.758352612353801,1.2045812441957124,-5.338769948417921,True
valor_aprovado,nominal,ridge,aprendizagem,2022-01,2022-12,12,24901422.453599676,26322835.575750984,7.973067703396075,2.191299210457646,-8.057818609213319,True
valor_aprovado,nominal,ridge,aprendizagem,2022-02,2023-01,12,24198624.484813023,25765257.32556344,7.705870632124993,2.073078542797508,-7.797864564716717,True
valor_aprovado,nominal,ridge,aprendizagem,2022-03,2023-02,12,24664320.738862764,25886381.107827958,7.86187820762327,2.0661366089861635,-7.91692020481295,True
valor_aprovado,nominal,ridge,aprendizagem,2022-04,2023-03,12,23964526.397597652,25608293.625644438,7.572668564298386,1.958553622146613,-7.65320114039485,True
valor_aprovado,nominal,ridge,aprendizagem,2022-05,2023-04,12,22611962.26861729,24515348.16186561,7.130525300258057,1.7994238105791749,-7.213554679954537,True
valor_aprovado,nominal,ridge,aprendizagem,2022-06,2023-05,12,23283595.04671359,25433668.747691963,7.272382942570175,1.8001977891927625,-7.3727743588438805,True
valor_aprovado,nominal,ridge,aprendizagem,2022-07,2023-06,12,22951101.184616476,25074278.695884872,7.142457327032768,1.724605942464218,-7.238400148069113,True
valor_aprovado,nominal,ridge,aprendizagem,2022-08,2023-07,12,24210749.60329743,26687802.204285134,7.444558547946201,1.7844460428721916,-7.565243730393889,True
valor_aprovado,nominal,ridge,aprendizagem,2022-09,2023-08,12,25019588.066525225,28491390.80412436,7.563609399717067,1.7743052617600235,-7.708415762860699,True
valor_aprovado,nominal,ridge,aprendizagem,2022-10,2023-09,12,27778385.074777585,32059934.350442033,8.239926000732101,1.91950766563001,-8.428958144716713,True
valor_aprovado,nominal,ridge,aprendizagem,2022-11,2023-10,12,30649203.960147735,35324392.87003824,8.947142655545308,2.0686193269493467,-9.160144242493418,True
valor_aprovado,nominal,ridge,aprendizagem,2022-12,2023-11,12,33610976.86241359,38258343.10053859,9.686258841041312,2.2205009845856583,-9.898174276269799,True
valor_aprovado,nominal,ridge,aprendizagem,2023-01,2023-12,12,35975137.483272366,41027482.40094795,10.208953970408913,2.3246347712785975,-10.431250181031682,True
valor_aprovado,nominal,ridge,aprendizagem,2023-02,2024-01,12,39219875.26656427,44295472.684342034,10.980544456046553,2.5343070098410276,-11.157153161798606,True
valor_aprovado,nominal,ridge,aprendizagem,2023-03,2024-02,12,42905528.60437567,46432744.89288895,11.994769158574387,2.7743180718838167,-12.26088469004668,True
valor_aprovado,nominal,ridge,aprendizagem,2023-04,2024-03,12,43766291.63785865,47333965.79637976,12.12622111757478,2.822357771008973,-12.397847869479417,True
valor_aprovado,nominal,ridge,aprendizagem,2023-05,2024-04,12,48162559.83273673,50154050.9789413,13.27891017536185,3.1322499060307,-13.435115584953694,True
valor_aprovado,nominal,ridge,aprendizagem,2023-06,2024-05,12,50556313.665213645,52476634.70708119,13.776768416875065,3.2576820496592895,-13.930358125800524,True
valor_aprovado,nominal,ridge,aprendizagem,2023-07,2024-06,12,52341035.902258776,53205702.0412637,14.233053907659645,3.3733821796549153,-14.294496451949357,True
valor_aprovado,nominal,ridge,aprendizagem,2023-08,2024-07,12,54064569.00061574,54781219.87387718,14.557867407334205,3.438417570669927,-14.60810242876387,True
valor_aprovado,nominal,ridge,aprendizagem,2023-09,2024-08,12,54179395.5719197,54931218.8998693,14.476117994295516,3.402156929723833,-14.529796705751973,True
valor_aprovado,nominal,ridge,aprendizagem,2023-10,2024-09,12,51680541.99464685,52611296.042712584,13.793023776605077,3.16937491658843,-13.849442047994975,True
valor_aprovado,nominal,ridge,aprendizagem,2023-11,2024-10,12,51530382.74877321,52599185.471520476,13.645831663363236,3.0873923583137644,-13.713559049849778,True
valor_aprovado,nominal,ridge,aprendizagem,2023-12,2024-11,12,50348089.40403065,51405158.73994305,13.281432181392184,2.949181879913259,-13.345490329050714,True
valor_aprovado,nominal,ridge,aprendizagem,2024-01,2024-12,12,48780957.05174024,49875945.417441756,12.819614779174202,2.8010601906662056,-12.885062146209393,True
valor_aprovado,nominal,ridge,aprendizagem,2024-02,2025-01,12,47013114.15487351,48199240.35928867,12.298288056035606,2.6369189659986128,-12.373209714383126,True
valor_aprovado,nominal,ridge,aprendizagem,2024-03,2025-02,12,45059951.07114176,46702244.34104,11.763347070051717,2.465868754539112,-11.850822731434407,True
valor_aprovado,nominal,ridge,aprendizagem,2024-04,2025-03,12,44046900.974449076,45760321.89517001,11.445077599872059,2.38583446193683,-11.534861132391294,True
valor_aprovado,nominal,ridge,aprendizagem,2024-05,2025-04,12,42728079.8373928,44509275.35301143,11.058575520978703,2.256766882195195,-11.150138214696792,True
valor_aprovado,nominal,ridge,aprendizagem,2024-06,2025-05,12,41137367.7355163,43051939.483018465,10.591975197811939,2.1344242110283176,-10.694972311227225,True
valor_aprovado,nominal,ridge,aprendizagem,2024-07,2025-06,12,40535284.715356104,42423282.99032914,10.413317525330905,2.082412136782526,-10.501671148929004,True
valor_aprovado,nominal,ridge,aprendizagem,2024-08,2025-07,12,38935377.57772066,40896105.501242384,9.958284094502746,1.9728777572148049,-10.053468127711074,True
valor_aprovado,nominal,ridge,aprendizagem,2024-09,2025-08,12,36402119.341983534,38386920.65615009,9.301117491211059,1.8323008147006066,-9.393063850124028,True
valor_aprovado,nominal,ridge,aprendizagem,2024-10,2025-09,12,36977008.18887683,38651039.802940205,9.409492696916134,1.8761379198161203,-9.481827542880872,True
valor_aprovado,nominal,ridge,aprendizagem,2024-11,2025-10,12,35465128.90770984,37184209.40153733,8.984569246381024,1.7895591162385713,-9.064012168992907,True
valor_aprovado,nominal,ridge,aprendizagem,2024-12,2025-11,12,33073013.916875865,35268075.83032614,8.366832459440026,1.6702439452052453,-8.454569091925112,True
valor_aprovado,nominal,ridge,aprendizagem,2025-01,2025-12,12,32893855.915506583,35395261.15945906,8.253664094480959,1.6642915339392275,-8.360375395036911,True
valor_aprovado,nominal,ridge,aprendizagem,2025-02,2026-01,12,31515699.776432674,34149739.462928906,7.869716897411403,1.5969952133536514,-7.984620795681585,True
valor_aprovado,nominal,ridge,aprendizagem,2025-03,2026-02,12,31014696.687491447,34045568.07763345,7.731794655595346,1.583663609233327,-7.823779721262758,True
valor_aprovado,nominal,ridge,aprendizagem,2025-04,2026-03,12,30775874.281931173,33717378.83896702,7.630776560954007,1.5714637499363746,-7.663402251364316,True
valor_aprovado,nominal,ridge,aprendizagem,2025-05,2026-04,12,29254363.55248876,32263910.424040947,7.239321370297064,1.4960996486550657,-7.2238138858675915,True
valor_aprovado,nominal,ridge,aprendizagem,2025-06,2026-05,12,28628040.933789577,31773583.75563174,7.033663728436776,1.465613735584956,-6.984324481396975,True
valor_aprovado,nominal,ridge,aprendizagem,2025-07,2026-06,12,29692872.1636854,32335030.841401175,7.272461324812592,1.522433058784338,-7.1949532215182295,True
valor_aprovado,nominal,random_forest,aprendizagem,2022-01,2022-12,12,39405533.50689953,40505781.9769017,12.656901240804352,3.4676458592769603,-12.751184868636834,True
valor_aprovado,nominal,random_forest,aprendizagem,2022-02,2023-01,12,33598511.46018223,35113647.083677575,10.718837026539504,2.8783600167750665,-10.82692291485461,True
valor_aprovado,nominal,random_forest,aprendizagem,2022-03,2023-02,12,32028764.898269277,32905937.885190804,10.22537080179152,2.683058025297818,-10.28080921599317,True
valor_aprovado,nominal,random_forest,aprendizagem,2022-04,2023-03,12,23776057.020184692,25701715.357828908,7.502021830425523,1.9431505477994866,-7.593012425199108,True
valor_aprovado,nominal,random_forest,aprendizagem,2022-05,2023-04,12,18576607.83936439,20950605.70065216,5.836427977116804,1.4782967558873472,-5.925905017506472,True
valor_aprovado,nominal,random_forest,aprendizagem,2022-06,2023-05,12,17295168.62144812,19893360.733242217,5.3777558838163095,1.3371957489202904,-5.250344534016127,True
valor_aprovado,nominal,random_forest,aprendizagem,2022-07,2023-06,12,16220526.213008324,18517453.335169557,5.032118455536256,1.2188528851766391,-4.754447517702765,True
valor_aprovado,nominal,random_forest,aprendizagem,2022-08,2023-07,12,17547281.118861575,20387174.307556357,5.374883370862737,1.2933170954547328,-5.05683022324056,True
valor_aprovado,nominal,random_forest,aprendizagem,2022-09,2023-08,12,17192532.308674235,22164881.32338698,5.145889313430176,1.2192367219296298,-4.73241358369374,True
valor_aprovado,nominal,random_forest,aprendizagem,2022-10,2023-09,12,20356731.729011875,26225790.313778184,5.975744064768456,1.406665740136616,-5.605561036630846,True
valor_aprovado,nominal,random_forest,aprendizagem,2022-11,2023-10,12,24054028.259657696,29915094.022109993,6.96779967087103,1.623488421220119,-6.611754223990596,True
valor_aprovado,nominal,random_forest,aprendizagem,2022-12,2023-11,12,27822020.99959223,33024603.168982707,7.98798226540647,1.8380550281430021,-7.595691760167645,True
valor_aprovado,nominal,random_forest,aprendizagem,2023-01,2023-12,12,30358220.868892953,35514212.60782502,8.604447717115553,1.9616818937467138,-8.048876987022812,True
valor_aprovado,nominal,random_forest,aprendizagem,2023-02,2024-01,12,34011004.765758984,38747275.4231277,9.547152136667776,2.197720599664476,-8.646359760629874,True
valor_aprovado,nominal,random_forest,aprendizagem,2023-03,2024-02,12,38002773.575250186,42454610.87507893,10.570277530053586,2.457300607660455,-10.84600457115159,True
valor_aprovado,nominal,random_forest,aprendizagem,2023-04,2024-03,12,38375895.91140203,42565266.692784086,10.595477479586252,2.4747472082210047,-10.520446272340656,True
valor_aprovado,nominal,random_forest,aprendizagem,2023-05,2024-04,12,43687405.119677596,46611888.09581086,11.99859902435912,2.8412084211484,-12.186755426371931,True
valor_aprovado,nominal,random_forest,aprendizagem,2023-06,2024-05,12,43387956.84504,46550408.278097875,11.76072221254818,2.7957767870787937,-11.955178955503277,True
valor_aprovado,nominal,random_forest,aprendizagem,2023-07,2024-06,12,45514057.021020524,46902051.09120098,12.349585869671438,2.9333830756659225,-12.430027709343094,True
valor_aprovado,nominal,random_forest,aprendizagem,2023-08,2024-07,12,44140426.89922964,45328775.78379801,11.859141841773075,2.8072584732055135,-11.926625686888704,True
valor_aprovado,nominal,random_forest,aprendizagem,2023-09,2024-08,12,39722919.22522234,41210043.985351905,10.57505051654143,2.494372694349381,-10.652867844111258,True
valor_aprovado,nominal,random_forest,aprendizagem,2023-10,2024-09,12,32377151.237494748,34147481.59077643,8.599212941089158,1.9855699464865317,-8.676485625659636,True
valor_aprovado,nominal,random_forest,aprendizagem,2023-11,2024-10,12,27036430.284136254,29650796.62707993,7.096725554513399,1.619861212020831,-7.195088866431442,True
valor_aprovado,nominal,random_forest,aprendizagem,2023-12,2024-11,12,22850324.015857603,25728825.25566457,5.962133337471282,1.3384770372700394,-6.056809340314118,True
valor_aprovado,nominal,random_forest,aprendizagem,2024-01,2024-12,12,19603335.965438142,22763464.947309412,5.081738046735365,1.1256467133025418,-5.039614024556471,True
valor_aprovado,nominal,random_forest,aprendizagem,2024-02,2025-01,12,18021803.001797613,20913042.313379705,4.65527057439305,1.0108250642657033,-4.325698973189063,True
valor_aprovado,nominal,random_forest,aprendizagem,2024-03,2025-02,12,18287509.156384986,21585569.6820952,4.714433136962492,1.0007688946639377,-4.7028813762031385,True
valor_aprovado,nominal,random_forest,aprendizagem,2024-04,2025-03,12,18806885.71653251,21502575.805282086,4.840752456390845,1.0186895121234352,-4.624188678905606,True
valor_aprovado,nominal,random_forest,aprendizagem,2024-05,2025-04,12,19071555.914347827,21030813.481734265,4.908449726887394,1.0073014266783937,-4.412605930064162,True
valor_aprovado,nominal,random_forest,aprendizagem,2024-06,2025-05,12,18354211.43883245,19894832.651658837,4.7153116990680095,0.9523135636982971,-3.6905359873241395,True
valor_aprovado,nominal,random_forest,aprendizagem,2024-07,2025-06,12,19108726.457288206,20983002.37512523,4.892589198629214,0.9816692832563159,-4.449447625066327,True
valor_aprovado,nominal,random_forest,aprendizagem,2024-08,2025-07,12,16889020.206915963,18772093.22703906,4.308941123295982,0.8557762728989694,-3.487177999994795,True
valor_aprovado,nominal,random_forest,aprendizagem,2024-09,2025-08,12,14449929.542596215,16106980.38052922,3.7011408912231003,0.7273372581559893,-2.4147043984165895,True
valor_aprovado,nominal,random_forest,aprendizagem,2024-10,2025-09,12,15855486.236745358,17314400.744218152,4.036551709645013,0.8044750081979015,-3.3089354267150206,True
valor_aprovado,nominal,random_forest,aprendizagem,2024-11,2025-10,12,13748749.537314305,16083650.53351787,3.4900091454717077,0.69375752546702,-2.3557798497064075,True
valor_aprovado,nominal,random_forest,aprendizagem,2024-12,2025-11,12,13354384.272549113,15708976.635879535,3.3926281539477445,0.6744193174903815,-2.1612545343244416,True
valor_aprovado,nominal,random_forest,aprendizagem,2025-01,2025-12,12,14508316.782766774,17341561.841194935,3.6571402174229246,0.7340601495698894,-2.1470415824817013,True
valor_aprovado,nominal,random_forest,aprendizagem,2025-02,2026-01,12,14693375.943677247,17504690.68199672,3.7046999234805944,0.7445575131289163,-1.890192460750062,True
valor_aprovado,nominal,random_forest,aprendizagem,2025-03,2026-02,12,15841086.847031742,18255710.972052578,3.9379433422486754,0.8088730650223223,-3.1778079406308057,True
valor_aprovado,nominal,random_forest,aprendizagem,2025-04,2026-03,12,17129735.007521216,19518320.97173341,4.241685636180181,0.8746707685292293,-3.351414512334916,True
valor_aprovado,nominal,random_forest,aprendizagem,2025-05,2026-04,12,17144919.319050904,19271756.905350797,4.2482294404582355,0.876809632977619,-3.24107336603191,True
valor_aprovado,nominal,random_forest,aprendizagem,2025-06,2026-05,12,17258266.5300751,19803243.0571763,4.252188480846435,0.8835376663517976,-2.8666644526869733,True
valor_aprovado,nominal,random_forest,aprendizagem,2025-07,2026-06,12,19045783.883991953,21511339.01817566,4.663004660701614,0.9765283350026864,-3.9689370589913175,True
valor_aprovado,nominal,gradient_boosting,aprendizagem,2022-01,2022-12,12,38393695.043164596,39095184.7405222,12.356476207397305,3.3786051295425623,-12.423765388171681,True
valor_aprovado,nominal,gradient_boosting,aprendizagem,2022-02,2023-01,12,16549826.628257567,17645728.485290714,5.273870535479968,1.4178115988200843,-5.116952741367076,True
valor_aprovado,nominal,gradient_boosting,aprendizagem,2022-03,2023-02,12,20959321.143469673,21494249.856546197,6.70179909662127,1.755767822374546,-6.727664418442392,True
valor_aprovado,nominal,gradient_boosting,aprendizagem,2022-04,2023-03,12,8739484.639807245,11138509.042611271,2.7296813845144827,0.714253601886539,-2.791001695678863,True
valor_aprovado,nominal,gradient_boosting,aprendizagem,2022-05,2023-04,12,9276301.66549032,11437716.660452705,2.9012400209387517,0.7381932577415027,-2.913563178455647,True
valor_aprovado,nominal,gradient_boosting,aprendizagem,2022-06,2023-05,12,11481969.869287252,14243122.599616028,3.5542795261603843,0.8877416366673284,-3.5893054316631257,True
valor_aprovado,nominal,gradient_boosting,aprendizagem,2022-07,2023-06,12,12183223.995981812,14705166.330455443,3.7640727725363776,0.9154794069718184,-3.8154365211772956,True
valor_aprovado,nominal,gradient_boosting,aprendizagem,2022-08,2023-07,12,14520254.413219756,17863546.272280775,4.42470654129894,1.070210999399974,-4.489955574765869,True
valor_aprovado,nominal,gradient_boosting,aprendizagem,2022-09,2023-08,12,12002626.363591224,15952228.877725895,3.5982667668682433,0.8511860009538984,-1.9375488151141096,True
valor_aprovado,nominal,gradient_boosting,aprendizagem,2022-10,2023-09,12,15934842.475447968,22440523.633393593,4.639759566134621,1.1011098089356428,-3.985104146823659,True
valor_aprovado,nominal,gradient_boosting,aprendizagem,2022-11,2023-10,12,20572762.301204164,27781748.54363104,5.898127096171662,1.3885259062630713,-5.7665145665013124,True
valor_aprovado,nominal,gradient_boosting,aprendizagem,2022-12,2023-11,12,25191823.646354627,31886214.946122233,7.164940416036818,1.6642916818283096,-7.134323839963763,True
valor_aprovado,nominal,gradient_boosting,aprendizagem,2023-01,2023-12,12,27466989.465688083,33581572.60064862,7.733878877727431,1.7748568383920875,-7.26525207856652,True
valor_aprovado,nominal,gradient_boosting,aprendizagem,2023-02,2024-01,12,32373150.142768946,37747576.63383255,9.03381712201402,2.091885830330499,-8.705352789935795,True
valor_aprovado,nominal,gradient_boosting,aprendizagem,2023-03,2024-02,12,41166613.797078475,45425561.29098698,11.476860961560966,2.6618779521072957,-11.76396425504448,True
valor_aprovado,nominal,gradient_boosting,aprendizagem,2023-04,2024-03,12,31953736.289533764,35767191.45991396,8.824422660137111,2.0606012653702983,-8.527261455154134,True
valor_aprovado,nominal,gradient_boosting,aprendizagem,2023-05,2024-04,12,45058703.971311115,47658827.350174956,12.400786323360615,2.930390780102867,-12.569284067648335,True
valor_aprovado,nominal,gradient_boosting,aprendizagem,2023-06,2024-05,12,35931792.80718086,38609236.06116373,9.746269082988302,2.315326176967124,-9.674649887848751,True
valor_aprovado,nominal,gradient_boosting,aprendizagem,2023-07,2024-06,12,40488952.47151156,41776095.75147282,10.99041584976453,2.609514855520802,-11.057656339243216,True
valor_aprovado,nominal,gradient_boosting,aprendizagem,2023-08,2024-07,12,33678689.076760635,35036221.28260443,9.042585743667916,2.14190917303612,-9.099892014198929,True
valor_aprovado,nominal,gradient_boosting,aprendizagem,2023-09,2024-08,12,23313006.871966537,25356595.838421814,6.186054414954494,1.4639238227911815,-6.252067725632449,True
valor_aprovado,nominal,gradient_boosting,aprendizagem,2023-10,2024-09,12,18463231.234761436,21043515.786463264,4.881848407775747,1.1322811196656217,-4.947809003842208,True
valor_aprovado,nominal,gradient_boosting,aprendizagem,2023-11,2024-10,12,17399316.499462817,20562037.05324962,4.547906300231563,1.042462988528898,-4.630405238899371,True
valor_aprovado,nominal,gradient_boosting,aprendizagem,2023-12,2024-11,12,17592510.436734036,20537850.221863516,4.585322291230309,1.0304961641314505,-4.663149697957825,True
valor_aprovado,nominal,gradient_boosting,aprendizagem,2024-01,2024-12,12,17360119.136995297,20264459.64774245,4.504851289343758,0.9968385525581924,-4.585523275169178,True
valor_aprovado,nominal,gradient_boosting,aprendizagem,2024-02,2025-01,12,14603103.66169629,17742410.934707515,3.7592673398698677,0.8190736074431899,-3.6282187954565615,True
valor_aprovado,nominal,gradient_boosting,aprendizagem,2024-03,2025-02,12,17391736.16830766,20358453.488273785,4.49175845480175,0.9517484547843511,-4.5740480720248495,True
valor_aprovado,nominal,gradient_boosting,aprendizagem,2024-04,2025-03,12,18497563.207240853,20885182.38764144,4.768490707711947,1.001934819144038,-4.844082515746672,True
valor_aprovado,nominal,gradient_boosting,aprendizagem,2024-05,2025-04,12,14936798.927964484,16612965.319705227,3.8431494564377213,0.7889161711671199,-3.394103350233213,True
valor_aprovado,nominal,gradient_boosting,aprendizagem,2024-06,2025-05,12,11344186.778254217,12715154.150521668,2.95932935395294,0.5885964087349314,-0.9688986352334616,True
valor_aprovado,nominal,gradient_boosting,aprendizagem,2024-07,2025-06,12,16056726.896387542,17640145.456460528,4.1074030538726936,0.8248794402416743,-3.835828573247657,True
valor_aprovado,nominal,gradient_boosting,aprendizagem,2024-08,2025-07,12,9730789.041522676,11643065.664684387,2.5149873102771227,0.49306462283172553,-1.0178502696095437,True
valor_aprovado,nominal,gradient_boosting,aprendizagem,2024-09,2025-08,12,8918758.743190348,11208926.349617714,2.3144368853787136,0.44892575505674864,-0.5674617997950993,True
valor_aprovado,nominal,gradient_boosting,aprendizagem,2024-10,2025-09,12,11992009.534974461,13763645.203636557,3.049422216934201,0.60845008629254,-2.5822559747631812,True
valor_aprovado,nominal,gradient_boosting,aprendizagem,2024-11,2025-10,12,9304497.350210061,12064821.997487415,2.3720502541838937,0.4695019746979197,-0.9642846248758219,True
valor_aprovado,nominal,gradient_boosting,aprendizagem,2024-12,2025-11,12,10942684.306138853,13767224.92330879,2.769149771858413,0.5526243315035424,-1.964761004651483,True
valor_aprovado,nominal,gradient_boosting,aprendizagem,2025-01,2025-12,12,12879542.690149993,15786429.481211677,3.2240581169812814,0.6516509926743072,-2.4617719076301836,True
valor_aprovado,nominal,gradient_boosting,aprendizagem,2025-02,2026-01,12,13390034.553556478,15876750.572733058,3.3500630112048637,0.6785132883090996,-2.4226191153424614,True
valor_aprovado,nominal,gradient_boosting,aprendizagem,2025-03,2026-02,12,17772332.973953515,20500393.444325846,4.412183375497545,0.9074858047339546,-4.493187658071463,True
valor_aprovado,nominal,gradient_boosting,aprendizagem,2025-04,2026-03,12,17248842.65553473,19935344.129272617,4.257583963076984,0.8807525892917774,-4.183621309052965,True
valor_aprovado,nominal,gradient_boosting,aprendizagem,2025-05,2026-04,12,15393972.819810277,17642086.81181952,3.799461981222148,0.7872643438576695,-3.442322121154784,True
valor_aprovado,nominal,gradient_boosting,aprendizagem,2025-06,2026-05,12,12878806.735831127,14354908.610200467,3.2009758919370572,0.6593310416745853,-1.3411145628090315,True
valor_aprovado,nominal,gradient_boosting,aprendizagem,2025-07,2026-06,12,16170993.634900436,18353433.224570945,3.9725122867256872,0.8291301416530887,-3.0546660832779904,True
valor_aprovado,nominal,holt_winters,baseline,2022-01,2022-12,12,30685130.077268716,31236934.836805247,9.884033697120103,2.7002594504953286,-9.929360968172507,True
valor_aprovado,nominal,holt_winters,baseline,2022-02,2023-01,12,22795221.451821987,23464797.75758548,7.299965305319843,1.9528500266512052,-7.3456261828266705,True
valor_aprovado,nominal,holt_winters,baseline,2022-03,2023-02,12,15711800.387779385,16358788.257557217,5.019167007209793,1.3161816341093688,-5.043279774901832,True
valor_aprovado,nominal,holt_winters,baseline,2022-04,2023-03,12,5706942.83218954,6948634.642421483,1.8061616090637955,0.4664124535542234,-1.4145647166296182,False
valor_aprovado,nominal,holt_winters,baseline,2022-05,2023-04,12,44296883.5161472,49760736.40434496,14.146859739277795,3.5250751786382484,14.131369387555793,True
valor_aprovado,nominal,holt_winters,baseline,2022-06,2023-05,12,8085837.872004867,9697282.42020088,2.5108569307270416,0.6251658058710664,-2.547421867405375,True
valor_aprovado,nominal,holt_winters,baseline,2022-07,2023-06,12,5783991.650104493,6859638.473419523,1.798101571483114,0.4346243036747919,-1.2874647535871642,True
valor_aprovado,nominal,holt_winters,baseline,2022-08,2023-07,12,6848781.476222406,8351022.991028047,2.1090954968606224,0.5047873859335994,-1.2817530274216726,True
valor_aprovado,nominal,holt_winters,baseline,2022-09,2023-08,12,7357580.321111183,10053643.596391447,2.2301547354091764,0.521774916631656,-0.6091592128025347,True
valor_aprovado,nominal,holt_winters,baseline,2022-10,2023-09,12,10358900.59573712,14701828.012587236,3.056963662963573,0.7158079581476853,-1.4165812140102485,False
valor_aprovado,nominal,holt_winters,baseline,2022-11,2023-10,12,14709735.501304155,20115740.349528033,4.227466749587274,0.992810227367616,-3.74478078539644,True
valor_aprovado,nominal,holt_winters,baseline,2022-12,2023-11,12,15676016.92345871,20459610.967392534,4.477887802275647,1.035632232749748,-3.5889538132432897,True
valor_aprovado,nominal,holt_winters,baseline,2023-01,2023-12,12,18040685.48264594,22708976.922227196,5.100751810464937,1.1657496733726174,-3.903071914998113,True
valor_aprovado,nominal,holt_winters,baseline,2023-02,2024-01,12,23239406.435492232,27936173.95328905,6.4770353010883035,1.5016822525242066,-5.913208993317564,True
valor_aprovado,nominal,holt_winters,baseline,2023-03,2024-02,12,30747989.64967899,35234971.412799366,8.530489108935859,1.9881984008583287,-8.6355775897615,True
valor_aprovado,nominal,holt_winters,baseline,2023-04,2024-03,12,24921191.208674923,28249994.144409556,6.881147002176399,1.6070933825648088,-6.60378713810319,True
valor_aprovado,nominal,holt_winters,baseline,2023-05,2024-04,12,37048737.243347615,39926143.07398177,10.170808549827555,2.409462955292375,-10.334875655895349,True
valor_aprovado,nominal,holt_winters,baseline,2023-06,2024-05,12,30905785.059865624,32985426.367261633,8.394822103786332,1.9914668202841768,-8.51582369897309,True
valor_aprovado,nominal,holt_winters,baseline,2023-07,2024-06,12,32168166.370417323,33080809.077474035,8.743817029145733,2.0732398072667366,-8.785224291439809,True
valor_aprovado,nominal,holt_winters,baseline,2023-08,2024-07,12,26253645.48248224,27111951.442629226,7.063966306092821,1.669688625836969,-7.093665027315521,True
valor_aprovado,nominal,holt_winters,baseline,2023-09,2024-08,12,15101018.03042517,16268003.961685415,4.033249096685171,0.948257775779302,-4.009301855091829,True
valor_aprovado,nominal,holt_winters,baseline,2023-10,2024-09,12,8263361.370607197,12107121.402352437,2.2372494209506053,0.5067611376332123,1.7587445474436247,True
valor_aprovado,nominal,holt_winters,baseline,2023-11,2024-10,12,9452011.450820029,12943166.464369701,2.5418019092862782,0.5663079986466953,2.1641504355573993,True
valor_aprovado,nominal,holt_winters,baseline,2023-12,2024-11,12,14624671.622564405,17921084.7437979,3.899214661419497,0.8566524978303489,3.828366771984526,True
valor_aprovado,nominal,holt_winters,baseline,2024-01,2024-12,12,18173763.124081757,20927224.554890797,4.815488341711721,1.0435589516513362,4.800440201201983,True
valor_aprovado,nominal,holt_winters,baseline,2024-02,2025-01,12,17293721.641717017,19724216.933235876,4.564338616373396,0.9699877025699439,4.55147140243104,True
valor_aprovado,nominal,holt_winters,baseline,2024-03,2025-02,12,14002379.068634763,17709467.818909697,3.748575251132661,0.766268675703736,3.6819840874066534,True
valor_aprovado,nominal,holt_winters,baseline,2024-04,2025-03,12,8743662.083075657,10301343.98430411,2.321911056045883,0.47360722002742883,0.6357811939514679,True
valor_aprovado,nominal,holt_winters,baseline,2024-05,2025-04,12,11567994.791470477,14213470.587430997,3.072715392460414,0.6109862094937999,2.5529263217119347,True
valor_aprovado,nominal,holt_winters,baseline,2024-06,2025-05,12,14562161.058860892,17012194.387674328,3.8408456763931462,0.755561934073183,3.618481581053934,True
valor_aprovado,nominal,holt_winters,baseline,2024-07,2025-06,12,8020828.83252122,9851933.288103059,2.104427659932724,0.41205264561938265,0.11841048709764213,True
valor_aprovado,nominal,holt_winters,baseline,2024-08,2025-07,12,13382103.748308495,16251917.56293641,3.5127493939983454,0.6780788186034145,3.3651685535354137,True
valor_aprovado,nominal,holt_winters,baseline,2024-09,2025-08,12,15759162.015774071,18265020.136932634,4.115393747982992,0.7932374796430813,3.973907873918958,True
valor_aprovado,nominal,holt_winters,baseline,2024-10,2025-09,12,7409710.83398814,9006507.000861324,1.9239767635588934,0.3759536033718184,0.5191342290102874,True
valor_aprovado,nominal,holt_winters,baseline,2024-11,2025-10,12,11882513.89782022,14394121.353945818,3.0799484177166914,0.5995878691153712,3.036877459217613,True
valor_aprovado,nominal,holt_winters,baseline,2024-12,2025-11,12,12562544.441601738,15731830.875660298,3.2696500232820744,0.6344300474910923,3.2114067444487304,True
valor_aprovado,nominal,holt_winters,baseline,2025-01,2025-12,12,10843410.22445493,14287584.857598849,2.8274261872479642,0.5486312058381396,2.7559851989285455,True
valor_aprovado,nominal,holt_winters,baseline,2025-02,2026-01,12,10347854.511030972,13571274.58591058,2.690504044418085,0.5243568837063913,2.566358995041318,True
valor_aprovado,nominal,holt_winters,baseline,2025-03,2026-02,12,9227933.418646598,10777865.878231062,2.349490667740502,0.4711941080962646,-0.19266336876221368,True
valor_aprovado,nominal,holt_winters,baseline,2025-04,2026-03,12,9347473.343327144,10865667.641757783,2.3717474697939207,0.4772964490941972,-0.471605995592117,True
valor_aprovado,nominal,holt_winters,baseline,2025-05,2026-04,12,10150803.699923357,11992090.103073183,2.5998200767098356,0.5191230300318703,1.2474134431782025,True
valor_aprovado,nominal,holt_winters,baseline,2025-06,2026-05,12,11383066.173118055,14206132.599945279,2.930520755815262,0.5827565419156294,2.3028148035050933,True
valor_aprovado,nominal,holt_winters,baseline,2025-07,2026-06,12,8691474.626431411,10495742.053227719,2.1787495412598608,0.4456351756044502,-0.43772701015966087,True
valor_aprovado_real,real_jun_2026,regressao_linear,aprendizagem,2022-01,2022-12,12,8595269.40262038,10720298.418713458,2.3455561172526758,0.5438084974813959,0.6206566725099227,True
valor_aprovado_real,real_jun_2026,regressao_linear,aprendizagem,2022-02,2023-01,12,8410241.183459938,10713918.214281203,2.298850066427466,0.5359716218213695,0.771717745906253,True
valor_aprovado_real,real_jun_2026,regressao_linear,aprendizagem,2022-03,2023-02,12,8247805.153400551,10681041.989112662,2.252287439356133,0.5299751083559127,0.44625232416637406,True
valor_aprovado_real,real_jun_2026,regressao_linear,aprendizagem,2022-04,2023-03,12,8794417.287885794,11252186.877345905,2.3959420558728683,0.5711091179832903,0.4764337714371569,True
valor_aprovado_real,real_jun_2026,regressao_linear,aprendizagem,2022-05,2023-04,12,9534361.583296964,12088961.220545722,2.608263373440173,0.6241972676197435,0.6094328034378149,True
valor_aprovado_real,real_jun_2026,regressao_linear,aprendizagem,2022-06,2023-05,12,9711458.515955085,12206320.98110946,2.6426492943064077,0.6377670296946288,0.10041774531939218,True
valor_aprovado_real,real_jun_2026,regressao_linear,aprendizagem,2022-07,2023-06,12,9185801.64399057,11917672.359731575,2.4933788064203353,0.6045750574198496,-0.16616372670753554,True
valor_aprovado_real,real_jun_2026,regressao_linear,aprendizagem,2022-08,2023-07,12,10470159.59447763,13197748.620205194,2.8108532583775663,0.6936653382884634,-0.7925276107010881,True
valor_aprovado_real,real_jun_2026,regressao_linear,aprendizagem,2022-09,2023-08,12,12125741.456512898,15978369.01807911,3.2006979669005924,0.7874796698359188,-1.1088747943249322,True
valor_aprovado_real,real_jun_2026,regressao_linear,aprendizagem,2022-10,2023-09,12,15453517.09683623,19713380.27436947,4.002867017370292,0.9920276121092598,-1.9743307325165382,True
valor_aprovado_real,real_jun_2026,regressao_linear,aprendizagem,2022-11,2023-10,12,18898557.677284613,23123907.39250056,4.830295117677342,1.1994568975327045,-2.882096620761354,True
valor_aprovado_real,real_jun_2026,regressao_linear,aprendizagem,2022-12,2023-11,12,22353429.899935875,26164797.97215813,5.660477460359362,1.4031902026700298,-3.798036156870177,True
valor_aprovado_real,real_jun_2026,regressao_linear,aprendizagem,2023-01,2023-12,12,25316495.91827054,29502153.01105826,6.335264695696664,1.5699778410511935,-4.468210725798505,True
valor_aprovado_real,real_jun_2026,regressao_linear,aprendizagem,2023-02,2024-01,12,29235654.79910708,33019792.325120315,7.252150576394352,1.83140259870743,-5.390742766927959,True
valor_aprovado_real,real_jun_2026,regressao_linear,aprendizagem,2023-03,2024-02,12,30082566.70404892,33999819.18574059,7.36872204646766,1.9048247753972873,-6.742172379707812,True
valor_aprovado_real,real_jun_2026,regressao_linear,aprendizagem,2023-04,2024-03,12,31840463.32420012,35312881.43587296,7.775503169187374,2.031802846734922,-7.071742989255636,True
valor_aprovado_real,real_jun_2026,regressao_linear,aprendizagem,2023-05,2024-04,12,34606755.169963755,37742423.94202148,8.38551663505762,2.2173855628071144,-8.3938392125809,True
valor_aprovado_real,real_jun_2026,regressao_linear,aprendizagem,2023-06,2024-05,12,37892712.92841315,40475116.296132006,9.124281333432831,2.423052776795348,-9.091550643069867,True
valor_aprovado_real,real_jun_2026,regressao_linear,aprendizagem,2023-07,2024-06,12,39721937.80853387,41187985.68152042,9.576758300972553,2.556892930232918,-9.636643068694218,True
valor_aprovado_real,real_jun_2026,regressao_linear,aprendizagem,2023-08,2024-07,12,41806406.370279334,42918832.610742465,10.022826414645438,2.6725078557453252,-10.071211665480352,True
valor_aprovado_real,real_jun_2026,regressao_linear,aprendizagem,2023-09,2024-08,12,42078220.330993764,43205878.9033383,10.044946000313193,2.6777845511812424,-10.096039063764051,True
valor_aprovado_real,real_jun_2026,regressao_linear,aprendizagem,2023-10,2024-09,12,39374459.81614418,40940927.95679762,9.409644703276369,2.4644130395516246,-9.473768401738658,True
valor_aprovado_real,real_jun_2026,regressao_linear,aprendizagem,2023-11,2024-10,12,39084293.21817633,40785134.474313624,9.305109870743413,2.4036647739481123,-9.375595974165796,True
valor_aprovado_real,real_jun_2026,regressao_linear,aprendizagem,2023-12,2024-11,12,37590610.30261522,39347180.39964035,8.946635661390447,2.271744787793699,-9.016787605375631,True
valor_aprovado_real,real_jun_2026,regressao_linear,aprendizagem,2024-01,2024-12,12,35612290.822888575,37419042.9913571,8.477946226656957,2.1214598199810113,-8.546472307917085,True
valor_aprovado_real,real_jun_2026,regressao_linear,aprendizagem,2024-02,2025-01,12,33525710.52076913,35392535.8835235,7.977942071200057,1.9588960284759616,-8.046854733210607,True
valor_aprovado_real,real_jun_2026,regressao_linear,aprendizagem,2024-03,2025-02,12,31329721.6430653,34330580.88955158,7.433493207471491,1.7914856414972418,-7.5422004809564065,True
valor_aprovado_real,real_jun_2026,regressao_linear,aprendizagem,2024-04,2025-03,12,30121394.03447245,32986602.371349607,7.14795016118971,1.713411034380936,-7.178794364866348,True
valor_aprovado_real,real_jun_2026,regressao_linear,aprendizagem,2024-05,2025-04,12,28505657.931441534,31328857.149908576,6.768483412755309,1.5831237181494209,-6.736321801436662,True
valor_aprovado_real,real_jun_2026,regressao_linear,aprendizagem,2024-06,2025-05,12,26608002.091553733,29222454.978162173,6.3249297851063755,1.4566337308676014,-6.222023411849731,True
valor_aprovado_real,real_jun_2026,regressao_linear,aprendizagem,2024-07,2025-06,12,25792068.819033507,28781785.860787097,6.124692582281982,1.4047381137416444,-6.017893755949267,True
valor_aprovado_real,real_jun_2026,regressao_linear,aprendizagem,2024-08,2025-07,12,23859974.544881273,26722864.26532366,5.673998425593721,1.2882191994692251,-5.518069624157929,True
valor_aprovado_real,real_jun_2026,regressao_linear,aprendizagem,2024-09,2025-08,12,20965463.128828477,23822407.327004075,5.005790400809964,1.131040244719864,-4.7946029198530855,True
valor_aprovado_real,real_jun_2026,regressao_linear,aprendizagem,2024-10,2025-09,12,21439859.001808792,23898820.255184498,5.118878790864211,1.1593549069412405,-4.883461810022228,True
valor_aprovado_real,real_jun_2026,regressao_linear,aprendizagem,2024-11,2025-10,12,19960206.05369301,22027167.37986367,4.776094808142281,1.0812231767933498,-4.447021767857673,True
valor_aprovado_real,real_jun_2026,regressao_linear,aprendizagem,2024-12,2025-11,12,18003494.663169935,20644473.854588907,4.309920492114727,0.9842905101099797,-3.8405890996030756,True
valor_aprovado_real,real_jun_2026,regressao_linear,aprendizagem,2025-01,2025-12,12,18227217.4816488,20837658.824347366,4.350453100820262,1.004567162884005,-3.7659032546437654,True
valor_aprovado_real,real_jun_2026,regressao_linear,aprendizagem,2025-02,2026-01,12,17199946.87586744,19436523.15137344,4.113973689547175,0.9563840969981933,-3.381990135330182,True
valor_aprovado_real,real_jun_2026,regressao_linear,aprendizagem,2025-03,2026-02,12,18001529.316581234,20161305.01433347,4.321543908081932,1.0020966651413763,-3.3335787599430344,True
valor_aprovado_real,real_jun_2026,regressao_linear,aprendizagem,2025-04,2026-03,12,17922472.552465852,19951299.90990172,4.300665170511848,1.0063995702711015,-3.224433642998026,True
valor_aprovado_real,real_jun_2026,regressao_linear,aprendizagem,2025-05,2026-04,12,16481691.75196744,19109867.219085786,3.9539201634584873,0.9316028042243822,-2.8133245037523125,True
valor_aprovado_real,real_jun_2026,regressao_linear,aprendizagem,2025-06,2026-05,12,16013050.974805629,18430303.030851234,3.844112365038092,0.9115568807249887,-2.55943959700079,True
valor_aprovado_real,real_jun_2026,regressao_linear,aprendizagem,2025-07,2026-06,12,16134463.93762652,18549388.039067067,3.868636055266323,0.9250575516440749,-2.8118846542576903,True
valor_aprovado_real,real_jun_2026,ridge,aprendizagem,2022-01,2022-12,12,8466303.39212509,10668129.041314121,2.3099662237402496,0.5356490310227608,0.5610685280919459,True
valor_aprovado_real,real_jun_2026,ridge,aprendizagem,2022-02,2023-01,12,8281272.292287141,10647439.418522274,2.2631070586164492,0.5277526344869361,0.7023489849222964,True
valor_aprovado_real,real_jun_2026,ridge,aprendizagem,2022-03,2023-02,12,8184737.046512376,10654336.800279154,2.2347257894375767,0.5259225724193572,0.40525115125975564,True
valor_aprovado_real,real_jun_2026,ridge,aprendizagem,2022-04,2023-03,12,8678013.454416608,11217251.836929446,2.363771124825001,0.5635498575472367,0.42223606823070803,True
valor_aprovado_real,real_jun_2026,ridge,aprendizagem,2022-05,2023-04,12,9461852.261709735,12054851.811591865,2.587968867399976,0.619450214551083,0.5632964259743689,True
valor_aprovado_real,real_jun_2026,ridge,aprendizagem,2022-06,2023-05,12,9698739.07530632,12209743.932244258,2.638614627830463,0.6369317236622124,0.06323659553966188,True
valor_aprovado_real,real_jun_2026,ridge,aprendizagem,2022-07,2023-06,12,9191892.019303283,11936245.220480535,2.494810350345022,0.6049759031105248,-0.19132810008293255,True
valor_aprovado_real,real_jun_2026,ridge,aprendizagem,2022-08,2023-07,12,10522960.0110944,13257103.340558464,2.8247307289159926,0.6971634529565114,-0.8097424524646124,True
valor_aprovado_real,real_jun_2026,ridge,aprendizagem,2022-09,2023-08,12,12172013.93469957,16073840.89013066,3.2121453434449685,0.7904847343901659,-1.1361417865272783,True
valor_aprovado_real,real_jun_2026,ridge,aprendizagem,2022-10,2023-09,12,15499576.850685418,19841784.27412788,4.013648285826235,0.9949843854663556,-1.9990207087926648,True
valor_aprovado_real,real_jun_2026,ridge,aprendizagem,2022-11,2023-10,12,18972944.60950924,23259070.073872566,4.848313633126149,1.2041781000957112,-2.9052126749607554,True
valor_aprovado_real,real_jun_2026,ridge,aprendizagem,2022-12,2023-11,12,22426427.972123757,26284597.068944238,5.678120262032404,1.4077725052592236,-3.821239656409414,True
valor_aprovado_real,real_jun_2026,ridge,aprendizagem,2023-01,2023-12,12,25405403.414370358,29624165.774065446,6.356572785554008,1.5754913528432946,-4.5023389062581405,True
valor_aprovado_real,real_jun_2026,ridge,aprendizagem,2023-02,2024-01,12,29340598.58052576,33141719.160716977,7.277344066352816,1.8379765685852734,-5.430355550406285,True
valor_aprovado_real,real_jun_2026,ridge,aprendizagem,2023-03,2024-02,12,30122451.615044758,34046420.58596294,7.378134453809147,1.9073502835222027,-6.761463223293596,True
valor_aprovado_real,real_jun_2026,ridge,aprendizagem,2023-04,2024-03,12,31912834.260381106,35393334.51728436,7.792590619491047,2.0364209790986445,-7.105616353057542,True
valor_aprovado_real,real_jun_2026,ridge,aprendizagem,2023-05,2024-04,12,34659770.95513256,37794029.4172777,8.398268597463113,2.220782484479107,-8.41487956359982,True
valor_aprovado_real,real_jun_2026,ridge,aprendizagem,2023-06,2024-05,12,37969976.08832838,40561260.5882406,9.142519757529506,2.427993376179991,-9.120458848870861,True
valor_aprovado_real,real_jun_2026,ridge,aprendizagem,2023-07,2024-06,12,39823936.93294269,41271020.37683756,9.601746756702202,2.563458592798223,-9.661388315514364,True
valor_aprovado_real,real_jun_2026,ridge,aprendizagem,2023-08,2024-07,12,41956899.82696492,43060313.03426559,10.059045109965815,2.682128269938984,-10.107465713319975,True
valor_aprovado_real,real_jun_2026,ridge,aprendizagem,2023-09,2024-08,12,42312553.408859074,43436175.55984158,10.10087913141373,2.6926970995448025,-10.152263777866732,True
valor_aprovado_real,real_jun_2026,ridge,aprendizagem,2023-10,2024-09,12,39694654.01763407,41234912.08070685,9.4866772653413,2.484453714878349,-9.550809349669365,True
valor_aprovado_real,real_jun_2026,ridge,aprendizagem,2023-11,2024-10,12,39492592.31265331,41166306.1824875,9.40289541980397,2.428774967067143,-9.473539343003646,True
valor_aprovado_real,real_jun_2026,ridge,aprendizagem,2023-12,2024-11,12,38097615.60894763,39823638.21104364,9.068094693377484,2.3023850634575465,-9.138401995916112,True
valor_aprovado_real,real_jun_2026,ridge,aprendizagem,2024-01,2024-12,12,36226158.14886842,38000999.93522037,8.625057520076806,2.15802851120456,-8.693792235419483,True
valor_aprovado_real,real_jun_2026,ridge,aprendizagem,2024-02,2025-01,12,34274003.748040535,36101642.58311471,8.157357338352059,2.0026185509301637,-8.226460379270462,True
valor_aprovado_real,real_jun_2026,ridge,aprendizagem,2024-03,2025-02,12,32122928.491466507,35053433.0226662,7.624446069734786,1.8368425296253104,-7.734494676760873,True
valor_aprovado_real,real_jun_2026,ridge,aprendizagem,2024-04,2025-03,12,30862034.843907356,33791455.293613024,7.3232640342046285,1.7555412934900017,-7.393788116044608,True
valor_aprovado_real,real_jun_2026,ridge,aprendizagem,2024-05,2025-04,12,29328676.49382907,32211739.558747157,6.963696494953309,1.6288318442248346,-6.973371178003851,True
valor_aprovado_real,real_jun_2026,ridge,aprendizagem,2024-06,2025-05,12,27528257.61649816,30198362.333682172,6.54352574045373,1.5070123813968284,-6.484391883208717,True
valor_aprovado_real,real_jun_2026,ridge,aprendizagem,2024-07,2025-06,12,26732588.772095438,29746960.91940732,6.348561941834187,1.4559625515357006,-6.28549599761048,True
valor_aprovado_real,real_jun_2026,ridge,aprendizagem,2024-08,2025-07,12,24875868.022400692,27753449.022318583,5.916030642086946,1.343068104688901,-5.806838923949864,True
valor_aprovado_real,real_jun_2026,ridge,aprendizagem,2024-09,2025-08,12,22024610.82137159,24871592.03954136,5.258995813981163,1.1881789140641734,-5.102864946126584,True
valor_aprovado_real,real_jun_2026,ridge,aprendizagem,2024-10,2025-09,12,22466596.268429995,24967160.717038203,5.3630885507279045,1.214875462747895,-5.192319630164121,True
valor_aprovado_real,real_jun_2026,ridge,aprendizagem,2024-11,2025-10,12,20883469.364147868,23148438.446423773,4.993200689879156,1.1312353703980371,-4.7735349195258685,True
valor_aprovado_real,real_jun_2026,ridge,aprendizagem,2024-12,2025-11,12,18713385.8485847,21717351.26868306,4.473988812831168,1.0231018170305133,-4.179807409592695,True
valor_aprovado_real,real_jun_2026,ridge,aprendizagem,2025-01,2025-12,12,18969437.56885238,21941067.02102601,4.521339650275363,1.0454735671658597,-4.118677667281279,True
valor_aprovado_real,real_jun_2026,ridge,aprendizagem,2025-02,2026-01,12,17991653.409265712,20551453.49214651,4.296731975804527,1.0004060665714851,-3.7507293137997055,True
valor_aprovado_real,real_jun_2026,ridge,aprendizagem,2025-03,2026-02,12,18749616.061170552,21180830.398095876,4.493254613053495,1.0437406398729516,-3.697014904760265,True
valor_aprovado_real,real_jun_2026,ridge,aprendizagem,2025-04,2026-03,12,18703308.794470597,20990592.130913902,4.479711318908533,1.0502458228517788,-3.598432164605525,True
valor_aprovado_real,real_jun_2026,ridge,aprendizagem,2025-05,2026-04,12,17291213.370760735,20095515.058661345,4.1406454428726835,0.9773597945562802,-3.197115889697033,True
valor_aprovado_real,real_jun_2026,ridge,aprendizagem,2025-06,2026-05,12,16750595.483227417,19422859.640652776,4.011974863209425,0.9535422445729278,-2.9563116328945815,True
valor_aprovado_real,real_jun_2026,ridge,aprendizagem,2025-07,2026-06,12,17162934.44941625,19605904.62878562,4.109147574460636,0.9840241474511799,-3.204763831877455,True
valor_aprovado_real,real_jun_2026,random_forest,aprendizagem,2022-01,2022-12,12,21970004.111602385,24295617.253327895,5.84406342943856,1.3900058701997449,-5.782327175548874,True
valor_aprovado_real,real_jun_2026,random_forest,aprendizagem,2022-02,2023-01,12,19820131.340289474,21998393.346486412,5.28481392078032,1.2631062186491582,-4.867988949820168,True
valor_aprovado_real,real_jun_2026,random_forest,aprendizagem,2022-03,2023-02,12,20169250.984610174,22264840.6372911,5.377772340530928,1.2960055162820188,-5.010755279812318,True
valor_aprovado_real,real_jun_2026,random_forest,aprendizagem,2022-04,2023-03,12,17441469.382519137,19928852.636892606,4.647072711305408,1.1326483460256318,-4.0413487025750205,True
valor_aprovado_real,real_jun_2026,random_forest,aprendizagem,2022-05,2023-04,12,16271503.857604766,18326131.27478568,4.348581086775219,1.065265687612916,-3.2412948454660695,True
valor_aprovado_real,real_jun_2026,random_forest,aprendizagem,2022-06,2023-05,12,15585141.066720113,17181303.593331367,4.1605394444248684,1.0235011671175671,-2.8725254137875966,True
valor_aprovado_real,real_jun_2026,random_forest,aprendizagem,2022-07,2023-06,12,15081444.122826284,16380032.458554728,4.029814462166372,0.9926041623701878,-2.7010080068533893,True
valor_aprovado_real,real_jun_2026,random_forest,aprendizagem,2022-08,2023-07,12,15963921.277976453,17333684.54001618,4.238546940753318,1.0576361089604207,-2.82978777163565,True
valor_aprovado_real,real_jun_2026,random_forest,aprendizagem,2022-09,2023-08,12,14234665.060194364,17786604.27130026,3.741554655157177,0.9244390853976167,-2.0011899517845766,True
valor_aprovado_real,real_jun_2026,random_forest,aprendizagem,2022-10,2023-09,12,16257549.778591434,21007490.872309893,4.19861972334758,1.0436419220648048,-2.4164868133906836,True
valor_aprovado_real,real_jun_2026,random_forest,aprendizagem,2022-11,2023-10,12,18928670.68702287,23817200.03091748,4.828551134505511,1.201368115195597,-2.9874984985524655,True
valor_aprovado_real,real_jun_2026,random_forest,aprendizagem,2022-12,2023-11,12,22009308.143810507,26352241.075864896,5.5669053809929006,1.3815886731113778,-3.7916687182383058,True
valor_aprovado_real,real_jun_2026,random_forest,aprendizagem,2023-01,2023-12,12,24403126.84218691,28635827.34179738,6.118546657684818,1.5133361472408813,-4.079089279845882,True
valor_aprovado_real,real_jun_2026,random_forest,aprendizagem,2023-02,2024-01,12,28313413.43582138,31823737.324591205,7.037436364691133,1.7736308388148316,-5.142672584269404,True
valor_aprovado_real,real_jun_2026,random_forest,aprendizagem,2023-03,2024-02,12,30191194.40864164,33862959.0119976,7.3949480300890436,1.9117030695614252,-7.059573338079361,True
valor_aprovado_real,real_jun_2026,random_forest,aprendizagem,2023-04,2024-03,12,31139522.771904048,34326755.685602315,7.608173259853477,1.9870744457991016,-7.0332600548105635,True
valor_aprovado_real,real_jun_2026,random_forest,aprendizagem,2023-05,2024-04,12,35830162.27227811,38551555.74911206,8.696644990341596,2.295773878405741,-8.821253044774158,True
valor_aprovado_real,real_jun_2026,random_forest,aprendizagem,2023-06,2024-05,12,37341668.997180946,39627517.90872476,9.00075442749223,2.387816225371044,-8.95119815052653,True
valor_aprovado_real,real_jun_2026,random_forest,aprendizagem,2023-07,2024-06,12,39538691.26741152,40681614.95323414,9.542640669508843,2.5450973882393777,-9.592186992082807,True
valor_aprovado_real,real_jun_2026,random_forest,aprendizagem,2023-08,2024-07,12,39180024.9135815,40117934.19544795,9.399531292947696,2.5046143273458426,-9.438513333783972,True
valor_aprovado_real,real_jun_2026,random_forest,aprendizagem,2023-09,2024-08,12,35646308.142026216,36621040.129949376,8.513014916701534,2.2684688776881456,-8.552798018783692,True
valor_aprovado_real,real_jun_2026,random_forest,aprendizagem,2023-10,2024-09,12,25491406.962208554,27470215.246388823,6.075218877011376,1.5954848906505132,-6.133409497478692,True
valor_aprovado_real,real_jun_2026,random_forest,aprendizagem,2023-11,2024-10,12,18245066.589860294,20977439.546880335,4.309020743350405,1.1220626049338362,-4.285548407484652,True
valor_aprovado_real,real_jun_2026,random_forest,aprendizagem,2023-12,2024-11,12,14545563.947602943,16313473.656860432,3.4433155181332893,0.8790442298615203,-2.7919318058431952,True
valor_aprovado_real,real_jun_2026,random_forest,aprendizagem,2024-01,2024-12,12,12060304.830550646,13358232.080402216,2.873807655482158,0.7184444337484722,-1.6011915110356267,True
valor_aprovado_real,real_jun_2026,random_forest,aprendizagem,2024-02,2025-01,12,10340115.550399845,12064311.148163037,2.4824169175456436,0.604169485777571,-0.6384851419369508,True
valor_aprovado_real,real_jun_2026,random_forest,aprendizagem,2024-03,2025-02,12,12585441.998035723,14819899.607610278,3.04188390524736,0.7196565257823782,-1.0432118193291484,True
valor_aprovado_real,real_jun_2026,random_forest,aprendizagem,2024-04,2025-03,12,12554149.405416518,14906354.509569278,3.0357518109547694,0.7141242564633601,-1.0036338790277544,True
valor_aprovado_real,real_jun_2026,random_forest,aprendizagem,2024-05,2025-04,12,11971170.887331078,14757712.704802733,2.8994091127902832,0.6648450146751368,-0.7693606137279541,True
valor_aprovado_real,real_jun_2026,random_forest,aprendizagem,2024-06,2025-05,12,11223201.866326371,14044985.00338389,2.7474665916398338,0.6144051834698494,0.11717120279901572,True
valor_aprovado_real,real_jun_2026,random_forest,aprendizagem,2024-07,2025-06,12,11905065.084797835,14902085.713873345,2.898003931828973,0.6483969466942936,-0.4741203863290133,True
valor_aprovado_real,real_jun_2026,random_forest,aprendizagem,2024-08,2025-07,12,10908391.760866648,13757107.999649258,2.6857184341536726,0.588952837114196,0.3966071099409607,True
valor_aprovado_real,real_jun_2026,random_forest,aprendizagem,2024-09,2025-08,12,10559988.168349588,13852858.000296876,2.6250816184774846,0.5696879448251134,1.3197941513101608,True
valor_aprovado_real,real_jun_2026,random_forest,aprendizagem,2024-10,2025-09,12,9399899.187533667,12680206.827057634,2.3236150774527107,0.5082971509701036,0.6035453463393292,True
valor_aprovado_real,real_jun_2026,random_forest,aprendizagem,2024-11,2025-10,12,9451790.529634243,13282273.291609837,2.35651103310575,0.5119934611569622,1.3591704281455286,True
valor_aprovado_real,real_jun_2026,random_forest,aprendizagem,2024-12,2025-11,12,10914714.866394201,14806390.04114994,2.7299753959364446,0.596731382686817,1.6390922303713085,True
valor_aprovado_real,real_jun_2026,random_forest,aprendizagem,2025-01,2025-12,12,11776438.544761658,15189529.428746304,2.9298721205640255,0.6490416581521425,1.4446600905637652,True
valor_aprovado_real,real_jun_2026,random_forest,aprendizagem,2025-02,2026-01,12,12181532.759669429,16003681.52613619,3.0374358968273936,0.6773407088109278,1.831968888783031,True
valor_aprovado_real,real_jun_2026,random_forest,aprendizagem,2025-03,2026-02,12,10835728.388189003,13874003.844718212,2.69273994848343,0.603195822489382,0.7875894802494843,True
valor_aprovado_real,real_jun_2026,random_forest,aprendizagem,2025-04,2026-03,12,11440187.052438125,14014376.642065872,2.8324163507899995,0.6424001654733004,0.5067705498736474,True
valor_aprovado_real,real_jun_2026,random_forest,aprendizagem,2025-05,2026-04,12,11998538.527173197,14039207.807807991,2.964818852260662,0.6781993199924106,0.4605861806737499,True
valor_aprovado_real,real_jun_2026,random_forest,aprendizagem,2025-06,2026-05,12,11989523.015398076,14501288.008153368,2.977072859239488,0.6825140454802925,0.9998496771678855,True
valor_aprovado_real,real_jun_2026,random_forest,aprendizagem,2025-07,2026-06,12,10953264.736615146,13593334.315006545,2.6800948451165962,0.6279973291293078,-0.4098070578985813,True
valor_aprovado_real,real_jun_2026,gradient_boosting,aprendizagem,2022-01,2022-12,12,21906775.06670369,23372137.9855402,5.8552170514042094,1.38600547297042,-5.900192078673472,True
valor_aprovado_real,real_jun_2026,gradient_boosting,aprendizagem,2022-02,2023-01,12,12122081.83666119,15183312.728319285,3.224730241225165,0.7725214675917043,-3.0529297744099293,True
valor_aprovado_real,real_jun_2026,gradient_boosting,aprendizagem,2022-03,2023-02,12,15555968.568018148,18343889.416432314,4.139377490205052,0.9995721254420632,-4.193153508129688,True
valor_aprovado_real,real_jun_2026,gradient_boosting,aprendizagem,2022-04,2023-03,12,13355908.590171605,16204786.1520766,3.5458711386904276,0.8673321864434835,-3.5339264562449846,True
valor_aprovado_real,real_jun_2026,gradient_boosting,aprendizagem,2022-05,2023-04,12,11044711.975810746,13697279.01222615,2.9338622711593763,0.7230771537997583,-2.612099068879059,True
valor_aprovado_real,real_jun_2026,gradient_boosting,aprendizagem,2022-06,2023-05,12,12488410.126101533,14796469.785197768,3.3083805048823502,0.8201338880917624,-2.929119156806559,True
valor_aprovado_real,real_jun_2026,gradient_boosting,aprendizagem,2022-07,2023-06,12,14484875.360228851,16804581.846433617,3.8419613907751673,0.9533402409531403,-3.379797054016065,True
valor_aprovado_real,real_jun_2026,gradient_boosting,aprendizagem,2022-08,2023-07,12,14722198.35770527,16755188.867682658,3.878411271718691,0.9753699179078266,-3.3438414974696684,True
valor_aprovado_real,real_jun_2026,gradient_boosting,aprendizagem,2022-09,2023-08,12,10372264.99724333,13092631.814138265,2.753029293256983,0.673603989065157,0.133871189163548,True
valor_aprovado_real,real_jun_2026,gradient_boosting,aprendizagem,2022-10,2023-09,12,12904880.653901199,17727904.60618531,3.31561106619844,0.8284196962687231,-1.4804828863680952,True
valor_aprovado_real,real_jun_2026,gradient_boosting,aprendizagem,2022-11,2023-10,12,16932998.896003928,21926745.74905697,4.27807912219457,1.0747064759411749,-3.0484219684038916,True
valor_aprovado_real,real_jun_2026,gradient_boosting,aprendizagem,2022-12,2023-11,12,20879921.477497984,25899009.063772015,5.217424270063619,1.3106937673948977,-4.405278268733703,True
valor_aprovado_real,real_jun_2026,gradient_boosting,aprendizagem,2023-01,2023-12,12,22687384.728318337,27717081.804955423,5.627421652083351,1.4069360708468963,-4.271428047931769,True
valor_aprovado_real,real_jun_2026,gradient_boosting,aprendizagem,2023-02,2024-01,12,26711880.59583688,31409066.981651757,6.559284159673822,1.6733063745530465,-5.710566880490376,True
valor_aprovado_real,real_jun_2026,gradient_boosting,aprendizagem,2023-03,2024-02,12,34412282.4561555,38752369.98182136,8.422377008294472,2.1789818949069892,-8.4474401257987,True
valor_aprovado_real,real_jun_2026,gradient_boosting,aprendizagem,2023-04,2024-03,12,31965606.77842611,35553856.47818629,7.806119978413608,2.039788497696017,-7.504630245877342,True
valor_aprovado_real,real_jun_2026,gradient_boosting,aprendizagem,2023-05,2024-04,12,39639418.502191976,42082359.8807156,9.648841185189312,2.5398473180495458,-9.759077798709203,True
valor_aprovado_real,real_jun_2026,gradient_boosting,aprendizagem,2023-06,2024-05,12,36303535.6339014,38758349.86776589,8.757157443334389,2.3214326984557085,-8.764720132484861,True
valor_aprovado_real,real_jun_2026,gradient_boosting,aprendizagem,2023-07,2024-06,12,39479923.97030754,40591375.27019975,9.542354771188865,2.541314549466044,-9.577929896443804,True
valor_aprovado_real,real_jun_2026,gradient_boosting,aprendizagem,2023-08,2024-07,12,31594138.10982221,32456555.684939228,7.5882394253188075,2.0196804658634537,-7.611064425729852,True
valor_aprovado_real,real_jun_2026,gradient_boosting,aprendizagem,2023-09,2024-08,12,21659843.556720253,23047402.512613248,5.168600126127554,1.378394665956593,-5.196955216820132,True
valor_aprovado_real,real_jun_2026,gradient_boosting,aprendizagem,2023-10,2024-09,12,17179682.721578855,19222214.588960525,4.101724952439816,1.0752613321455513,-3.883166713819808,True
valor_aprovado_real,real_jun_2026,gradient_boosting,aprendizagem,2023-11,2024-10,12,17041575.890084404,18784633.100537125,4.055585225638424,1.0480485199233347,-3.762882565331027,True
valor_aprovado_real,real_jun_2026,gradient_boosting,aprendizagem,2023-12,2024-11,12,14917142.101851324,16983268.004591543,3.545664883906753,0.9015001231916969,-3.1768768034093564,True
valor_aprovado_real,real_jun_2026,gradient_boosting,aprendizagem,2024-01,2024-12,12,11636484.456317604,14076161.863343608,2.763017076231814,0.6931970297188825,-2.2358144890646248,True
valor_aprovado_real,real_jun_2026,gradient_boosting,aprendizagem,2024-02,2025-01,12,10325307.889116213,12232617.730052069,2.458977636563257,0.6033042790920466,-1.3847463251488334,True
valor_aprovado_real,real_jun_2026,gradient_boosting,aprendizagem,2024-03,2025-02,12,10062719.144419178,12517460.744467117,2.394874572652903,0.5754030331653653,-1.5747759608180423,True
valor_aprovado_real,real_jun_2026,gradient_boosting,aprendizagem,2024-04,2025-03,12,11183245.68066506,13689879.7200771,2.659725484980575,0.6361424218120538,-1.8740762796451538,True
valor_aprovado_real,real_jun_2026,gradient_boosting,aprendizagem,2024-05,2025-04,12,9167097.740804518,11119890.08917867,2.2067612668154606,0.5091147131199613,-0.6139578976085747,True
valor_aprovado_real,real_jun_2026,gradient_boosting,aprendizagem,2024-06,2025-05,12,8443621.548729504,10965849.577833086,2.0847383878396535,0.4622392886260381,1.1967104420622654,True
valor_aprovado_real,real_jun_2026,gradient_boosting,aprendizagem,2024-07,2025-06,12,7936539.149148822,9756929.029151853,1.9154271584795268,0.4322553228372552,-0.563783570610954,True
valor_aprovado_real,real_jun_2026,gradient_boosting,aprendizagem,2024-08,2025-07,12,7365005.614820029,9923186.239333062,1.8229316877019537,0.3976425716365749,1.249941695619139,True
valor_aprovado_real,real_jun_2026,gradient_boosting,aprendizagem,2024-09,2025-08,12,9833551.627241412,12159328.289733905,2.4335227993918114,0.530498304311107,2.2212222601154075,True
valor_aprovado_real,real_jun_2026,gradient_boosting,aprendizagem,2024-10,2025-09,12,7726318.737989043,9092526.728368811,1.8494267904799082,0.4177987150346436,-1.476644687223938,True
valor_aprovado_real,real_jun_2026,gradient_boosting,aprendizagem,2024-11,2025-10,12,5747657.091857131,7781098.6657029,1.4263962101807937,0.3113444842833571,1.1274436017139289,True
valor_aprovado_real,real_jun_2026,gradient_boosting,aprendizagem,2024-12,2025-11,12,6759171.867189899,9093186.70360899,1.6803140798024134,0.3695387395363582,0.8513978925262844,True
valor_aprovado_real,real_jun_2026,gradient_boosting,aprendizagem,2025-01,2025-12,12,7664335.6825499935,9633025.778201828,1.8897234271282635,0.4224089584579545,0.5716702217466896,True
valor_aprovado_real,real_jun_2026,gradient_boosting,aprendizagem,2025-02,2026-01,12,7727180.373071243,9736253.597158078,1.9063570822372509,0.42966135167607583,0.664392402877656,True
valor_aprovado_real,real_jun_2026,gradient_boosting,aprendizagem,2025-03,2026-02,12,14740452.59165279,16547546.394228846,3.5235399419767317,0.8205613048200242,-3.2390495603786706,True
valor_aprovado_real,real_jun_2026,gradient_boosting,aprendizagem,2025-04,2026-03,12,9689676.014183829,10424276.394724052,2.3528297297649288,0.5441038198381353,-0.8102572485396586,True
valor_aprovado_real,real_jun_2026,gradient_boosting,aprendizagem,2025-05,2026-04,12,8348082.49913308,9626135.206677737,2.0494660693054856,0.4718627907332696,0.18495804003135774,True
valor_aprovado_real,real_jun_2026,gradient_boosting,aprendizagem,2025-06,2026-05,12,8021646.361839374,9850591.549019588,1.9785637582331501,0.45663920931632523,0.5352770187553757,True
valor_aprovado_real,real_jun_2026,gradient_boosting,aprendizagem,2025-07,2026-06,12,8526935.61781846,9987662.81053854,2.0894815324036085,0.48888554439362186,-0.0795403920144988,True
valor_aprovado_real,real_jun_2026,holt_winters,baseline,2022-01,2022-12,12,43171374.12433394,44683003.921357624,11.587315514889923,2.7313815305898377,-11.627425710003026,True
valor_aprovado_real,real_jun_2026,holt_winters,baseline,2022-02,2023-01,12,21417823.771750662,22717336.33241,5.741124061968959,1.3649246784272278,-5.77156938528055,True
valor_aprovado_real,real_jun_2026,holt_winters,baseline,2022-03,2023-02,12,12517061.209318241,13595977.627971753,3.354876961419362,0.8043025686622768,-3.205850924077902,True
valor_aprovado_real,real_jun_2026,holt_winters,baseline,2022-04,2023-03,12,8544353.336084902,9684218.847482968,2.277416068538381,0.5548699746407123,-1.907535300579788,True
valor_aprovado_real,real_jun_2026,holt_winters,baseline,2022-05,2023-04,12,40650641.204253696,45472066.964726664,11.0490828030235,2.6613233560533196,10.969413678973572,True
valor_aprovado_real,real_jun_2026,holt_winters,baseline,2022-06,2023-05,12,10997631.198306695,12350815.480778538,2.920166991263708,0.7222320490272155,-2.9554368076771365,True
valor_aprovado_real,real_jun_2026,holt_winters,baseline,2022-07,2023-06,12,8405398.824026132,9841425.259712303,2.226499842556656,0.5532118669247362,-2.1385965211798252,True
valor_aprovado_real,real_jun_2026,holt_winters,baseline,2022-08,2023-07,12,10265285.378058791,12405217.940288486,2.692576898088296,0.6800920836158495,-2.5968441349571103,True
valor_aprovado_real,real_jun_2026,holt_winters,baseline,2022-09,2023-08,12,7737662.333376224,10504323.532596191,2.0202483828084605,0.50250550050415,-0.8698662095083853,True
valor_aprovado_real,real_jun_2026,holt_winters,baseline,2022-10,2023-09,12,10535834.220596721,14967851.082636846,2.710672219691372,0.6763404342159349,-0.5871377570067504,True
valor_aprovado_real,real_jun_2026,holt_winters,baseline,2022-11,2023-10,12,13728765.351268088,19656772.958458442,3.4386889040120368,0.8713396321762337,-2.6799372707514535,True
valor_aprovado_real,real_jun_2026,holt_winters,baseline,2022-12,2023-11,12,15855791.751821032,21938059.48178346,3.9458789223513464,0.9953144435250791,-2.8622000866155184,True
valor_aprovado_real,real_jun_2026,holt_winters,baseline,2023-01,2023-12,12,19040123.493048083,24252970.542749643,4.712609118236846,1.1807547170614048,-3.2543898719062603,True
valor_aprovado_real,real_jun_2026,holt_winters,baseline,2023-02,2024-01,12,24107014.32429466,30092885.66481479,5.878898840637927,1.5101303180641916,-5.388341173952183,True
valor_aprovado_real,real_jun_2026,holt_winters,baseline,2023-03,2024-02,12,30622384.917434096,36065127.78976988,7.477766559434697,1.9390060045850344,-7.341575973306746,True
valor_aprovado_real,real_jun_2026,holt_winters,baseline,2023-04,2024-03,12,30020749.406491008,34313742.22367897,7.32097450224337,1.9156833078765028,-7.035781644747052,True
valor_aprovado_real,real_jun_2026,holt_winters,baseline,2023-05,2024-04,12,39497311.378665484,42909799.849331655,9.599231092172623,2.5307419777039364,-9.72409155202223,True
valor_aprovado_real,real_jun_2026,holt_winters,baseline,2023-06,2024-05,12,39004828.95036284,41358967.00843183,9.423220409680235,2.494167131161968,-9.516258351052153,True
valor_aprovado_real,real_jun_2026,holt_winters,baseline,2023-07,2024-06,12,38336027.49156088,39482046.62504861,9.272942556956878,2.4676821694566957,-9.300417703399456,True
valor_aprovado_real,real_jun_2026,holt_winters,baseline,2023-08,2024-07,12,28527763.943173856,29637451.272261374,6.854458614071291,1.8236600527133746,-6.872371341125705,True
valor_aprovado_real,real_jun_2026,holt_winters,baseline,2023-09,2024-08,12,19117657.43443582,20550723.848202575,4.572369052908178,1.2166143750856309,-4.586995712923592,True
valor_aprovado_real,real_jun_2026,holt_winters,baseline,2023-10,2024-09,12,10350673.260749131,14596290.805928025,2.522993720508348,0.6478395963027194,1.9121804657322716,True
valor_aprovado_real,real_jun_2026,holt_winters,baseline,2023-11,2024-10,12,11937120.920792565,15818176.46449653,2.8929437075014577,0.7341270545561358,2.4240606624947425,True
valor_aprovado_real,real_jun_2026,holt_winters,baseline,2023-12,2024-11,12,23953043.067604583,27878142.286366567,5.777752147614137,1.4475742825820253,5.745570505621189,True
valor_aprovado_real,real_jun_2026,holt_winters,baseline,2024-01,2024-12,12,25945568.371008564,29425550.87072547,6.246498561440827,1.5456034850273712,6.226588530875299,True
valor_aprovado_real,real_jun_2026,holt_winters,baseline,2024-02,2025-01,12,21592760.066136148,24614033.774985958,5.195572999323589,1.2616577331354368,5.1827030909196825,True
valor_aprovado_real,real_jun_2026,holt_winters,baseline,2024-03,2025-02,12,23599090.57344393,26691152.2462824,5.7664579368020625,1.3494352869258779,5.68214197734771,True
valor_aprovado_real,real_jun_2026,holt_winters,baseline,2024-04,2025-03,12,9661648.025285741,11599769.109715791,2.3629666156234834,0.5495885853717031,0.8847486934378201,True
valor_aprovado_real,real_jun_2026,holt_winters,baseline,2024-05,2025-04,12,14722154.131115884,18062084.858133122,3.6217935530881524,0.8176268530014734,3.3656476784929,True
valor_aprovado_real,real_jun_2026,holt_winters,baseline,2024-06,2025-05,12,16430210.06942887,19074577.611900877,4.022178701743262,0.89945867074205,3.7712010769946236,True
valor_aprovado_real,real_jun_2026,holt_winters,baseline,2024-07,2025-06,12,9665126.778022384,11698975.332107732,2.3635094475388927,0.5264010442316192,0.9321590361200949,True
valor_aprovado_real,real_jun_2026,holt_winters,baseline,2024-08,2025-07,12,17100658.88030221,20232868.90633542,4.2025030675245265,0.92327831497646,4.131893090057059,True
valor_aprovado_real,real_jun_2026,holt_winters,baseline,2024-09,2025-08,12,19093209.000748415,21963929.268946093,4.6859651662324495,1.0300362862482928,4.589696459083159,True
valor_aprovado_real,real_jun_2026,holt_winters,baseline,2024-10,2025-09,12,10252628.541102508,12888205.715530148,2.5167453720180557,0.5544082732619742,1.9043906452555825,True
valor_aprovado_real,real_jun_2026,holt_winters,baseline,2024-11,2025-10,12,16026608.903224384,18421665.882234573,3.920610926571872,0.8681443941488162,3.880299303306134,True
valor_aprovado_real,real_jun_2026,holt_winters,baseline,2024-12,2025-11,12,18042864.738697797,20374811.536855746,4.438774178067554,0.9864429584234542,4.385136755680774,True
valor_aprovado_real,real_jun_2026,holt_winters,baseline,2025-01,2025-12,12,14151034.386098877,16735461.274657633,3.4872939079792964,0.7799141300327219,3.431717640769061,True
valor_aprovado_real,real_jun_2026,holt_winters,baseline,2025-02,2026-01,12,13263524.775363952,15700492.913872909,3.266928826707628,0.737503682822269,3.218070940645945,True
valor_aprovado_real,real_jun_2026,holt_winters,baseline,2025-03,2026-02,12,8728909.500390923,10308939.654279685,2.1590638230143897,0.4859148879426345,1.0074290331402835,True
valor_aprovado_real,real_jun_2026,holt_winters,baseline,2025-04,2026-03,12,8991471.899817437,9729778.834033407,2.1759976037594417,0.5048976043674258,-0.7025094947863297,True
valor_aprovado_real,real_jun_2026,holt_winters,baseline,2025-05,2026-04,12,9434980.79714488,10758211.474337598,2.330476603936453,0.533298080118149,1.23845265544964,True
valor_aprovado_real,real_jun_2026,holt_winters,baseline,2025-06,2026-05,12,10247248.272754336,11721248.753474353,2.535525514094959,0.5833335375140685,1.7429023072045302,True
valor_aprovado_real,real_jun_2026,holt_winters,baseline,2025-07,2026-06,12,7963456.784437016,9058237.05858312,1.9220314938084366,0.4565789024112061,-0.582056522646679,False
