alvo,escala,modelo,tipo,horizonte,observacoes,MAE,RMSE,MAPE_pct,vies_pct
valor_aprovado,nominal,gradient_boosting,aprendizagem,1,43,11191235.316356648,13424310.422764473,3.1962950760442013,-1.6385495626034308
valor_aprovado,nominal,gradient_boosting,aprendizagem,2,43,10941090.914386263,13367197.20448675,3.1304177589564026,-2.2709678374429836
valor_aprovado,nominal,gradient_boosting,aprendizagem,3,43,12679742.758445125,16034522.169756426,3.5831204711725975,-2.988046076988664
valor_aprovado,nominal,gradient_boosting,aprendizagem,4,43,15232488.99815914,18518845.79514328,4.2673365538331725,-3.595453081963732
valor_aprovado,nominal,gradient_boosting,aprendizagem,5,43,16547092.410419337,20423660.819872748,4.61716533798487,-4.05143227167018
valor_aprovado,nominal,gradient_boosting,aprendizagem,6,43,19114893.300973997,23207642.42137941,5.279265161335325,-4.703251524899346
valor_aprovado,nominal,gradient_boosting,aprendizagem,7,43,20162282.73536337,24690136.547341328,5.539676276340149,-5.240715716272592
valor_aprovado,nominal,gradient_boosting,aprendizagem,8,43,21806470.692649435,26903415.428129174,5.9622439696914995,-5.6345506136218635
valor_aprovado,nominal,gradient_boosting,aprendizagem,9,43,23829619.17731032,28308946.973773,6.482790840286181,-6.129644133926518
valor_aprovado,nominal,gradient_boosting,aprendizagem,10,43,25009228.35691931,30174848.997863192,6.772211899808204,-6.598125597736902
valor_aprovado,nominal,gradient_boosting,aprendizagem,11,43,27378463.925134193,32029556.179977253,7.372732544399265,-7.294296833657402
valor_aprovado,nominal,gradient_boosting,aprendizagem,12,43,29830086.78132111,34384308.92413187,8.018657418103599,-7.977373840385401
valor_aprovado,nominal,holt_winters,baseline,1,43,8940993.982552828,11062403.693649022,2.596883257381397,-0.5607470340500617
valor_aprovado,nominal,holt_winters,baseline,2,43,9466344.469371235,11758255.169401115,2.737049760647366,-0.5985205363389653
valor_aprovado,nominal,holt_winters,baseline,3,43,10435440.631667942,13706373.66810526,2.9969026656090065,-0.6935515972699101
valor_aprovado,nominal,holt_winters,baseline,4,43,12335973.138958726,15595604.055272114,3.4940843422843293,-0.7759068336945177
valor_aprovado,nominal,holt_winters,baseline,5,43,13317009.673315706,17198346.662203945,3.780251378948381,-0.7031266951884565
valor_aprovado,nominal,holt_winters,baseline,6,43,15178793.695410358,19702824.93703253,4.286770429701346,-0.8644489120570493
valor_aprovado,nominal,holt_winters,baseline,7,43,16243357.886735786,21197846.657586683,4.556835938026691,-0.8865486260006308
valor_aprovado,nominal,holt_winters,baseline,8,43,17870317.05571651,22205344.853922166,4.959111436360015,-0.8447108435570599
valor_aprovado,nominal,holt_winters,baseline,9,43,19367243.111938275,24204507.840900403,5.375947300897109,-0.8246059852231903
valor_aprovado,nominal,holt_winters,baseline,10,43,21124670.341524057,26412402.199498687,5.871097660876135,-0.7841293538707447
valor_aprovado,nominal,holt_winters,baseline,11,43,22156998.157842956,26496190.586169638,6.051166696423482,-0.9769836675283179
valor_aprovado,nominal,holt_winters,baseline,12,43,23926407.682023767,29138683.611295696,6.5848793256070595,-1.001718852553336
valor_aprovado,nominal,random_forest,aprendizagem,1,43,14836202.732022624,17284501.822728816,4.2498323606297745,-2.897765850606146
valor_aprovado,nominal,random_forest,aprendizagem,2,43,15602736.062371038,18295122.182395197,4.455601474224102,-3.581765602585934
valor_aprovado,nominal,random_forest,aprendizagem,3,43,17784810.602912832,21253018.798177917,5.0688666705092515,-4.361873158259578
valor_aprovado,nominal,random_forest,aprendizagem,4,43,19885632.52858714,23181092.96360131,5.611140076806965,-5.00023306949967
valor_aprovado,nominal,random_forest,aprendizagem,5,43,21690747.092821904,25182639.141853683,6.084488807413837,-5.477361042440393
valor_aprovado,nominal,random_forest,aprendizagem,6,43,24047580.862330392,27660670.764918815,6.686327243092379,-6.102530329838804
valor_aprovado,nominal,random_forest,aprendizagem,7,43,25592112.874943633,29437036.711567763,7.077004795840197,-6.65111304635229
valor_aprovado,nominal,random_forest,aprendizagem,8,43,27237210.614755906,31442795.07499973,7.497443203807655,-6.953035623778841
valor_aprovado,nominal,random_forest,aprendizagem,9,43,28781985.96720994,32894934.335739538,7.872600592919769,-7.411004162523528
valor_aprovado,nominal,random_forest,aprendizagem,10,43,30113704.743269935,34570123.337342545,8.187434410639831,-7.849162565477535
valor_aprovado,nominal,random_forest,aprendizagem,11,43,32474698.86118925,36851678.730132,8.772727544126804,-8.516101456642728
valor_aprovado,nominal,random_forest,aprendizagem,12,43,34560412.82642112,38734057.55195172,9.300616250709798,-9.118335625422164
valor_aprovado,nominal,regressao_linear,aprendizagem,1,43,26187424.516406704,29624454.339582544,7.281049977059922,-7.033301436107173
valor_aprovado,nominal,regressao_linear,aprendizagem,2,43,27202302.61228877,30752410.57958613,7.522505001981775,-7.354376790743161
valor_aprovado,nominal,regressao_linear,aprendizagem,3,43,28654389.13238105,32022249.053730927,7.909601525170824,-7.792014431857843
valor_aprovado,nominal,regressao_linear,aprendizagem,4,43,29621228.124995694,32995511.551853836,8.121999166998615,-8.011535730704503
valor_aprovado,nominal,regressao_linear,aprendizagem,5,43,29968059.396418184,33592046.57041045,8.193856713618231,-8.09096782943475
valor_aprovado,nominal,regressao_linear,aprendizagem,6,43,31019298.63680274,34588981.241664045,8.428500370268441,-8.332856884156238
valor_aprovado,nominal,regressao_linear,aprendizagem,7,43,31813548.337837443,35284386.46518176,8.604792638451848,-8.522847946937292
valor_aprovado,nominal,regressao_linear,aprendizagem,8,43,32282259.713900182,35834304.67685137,8.708171831041353,-8.481875772286445
valor_aprovado,nominal,regressao_linear,aprendizagem,9,43,32895246.733285826,36415040.12521639,8.826598325464634,-8.609916384266324
valor_aprovado,nominal,regressao_linear,aprendizagem,10,43,33519521.67952455,37193873.25604661,8.964875652211475,-8.773341360881126
valor_aprovado,nominal,regressao_linear,aprendizagem,11,43,35017940.91757645,38566258.61680007,9.310622401995195,-9.145716377371306
valor_aprovado,nominal,regressao_linear,aprendizagem,12,43,36226245.375900626,39734300.36657213,9.594238414228062,-9.479390807239547
valor_aprovado,nominal,ridge,aprendizagem,1,43,31204263.591018867,34608385.32237097,8.681456974570937,-8.610705788507003
valor_aprovado,nominal,ridge,aprendizagem,2,43,32546995.782866213,35904789.06746693,9.01394489123464,-8.966048905493444
valor_aprovado,nominal,ridge,aprendizagem,3,43,34242826.168499336,37339320.378408864,9.465243202352683,-9.430492242028704
valor_aprovado,nominal,ridge,aprendizagem,4,43,35313587.760656945,38428972.788997605,9.696535017613073,-9.669272059891005
valor_aprovado,nominal,ridge,aprendizagem,5,43,35733450.29193989,39040260.031866446,9.780251974970419,-9.760464992201868
valor_aprovado,nominal,ridge,aprendizagem,6,43,36823313.25698019,40088489.60197831,10.0136989442804,-10.00072787218631
valor_aprovado,nominal,ridge,aprendizagem,7,43,37655789.42248523,40835870.492978245,10.189707288495832,-10.189112234941158
valor_aprovado,nominal,ridge,aprendizagem,8,43,37836665.36538493,41298133.19122352,10.210648244342355,-10.155033073481873
valor_aprovado,nominal,ridge,aprendizagem,9,43,38556869.67714577,41980064.37210196,10.350306141157853,-10.296973914376395
valor_aprovado,nominal,ridge,aprendizagem,10,43,39328246.14325117,42835468.10371191,10.521874225362703,-10.483661448331071
valor_aprovado,nominal,ridge,aprendizagem,11,43,41015850.5094382,44394101.70839047,10.909606511048638,-10.885354113652072
valor_aprovado,nominal,ridge,aprendizagem,12,43,42487411.99476405,45747180.41953749,11.260418877818296,-11.25524150212925
valor_aprovado_real,real_jun_2026,gradient_boosting,aprendizagem,1,43,10787668.716158226,12959723.528851947,2.7239480970046692,-1.307445091627296
valor_aprovado_real,real_jun_2026,gradient_boosting,aprendizagem,2,43,11183979.6839801,13587833.187626949,2.8120103089000543,-1.5666712120444541
valor_aprovado_real,real_jun_2026,gradient_boosting,aprendizagem,3,43,12343050.185759757,15267393.213772846,3.091525679818594,-1.9269622271799134
valor_aprovado_real,real_jun_2026,gradient_boosting,aprendizagem,4,43,14329176.505050354,17291489.81606712,3.583936239409967,-2.3207104113213153
valor_aprovado_real,real_jun_2026,gradient_boosting,aprendizagem,5,43,15626643.397591501,19320786.944678135,3.8952457934202487,-2.4959311365096206
valor_aprovado_real,real_jun_2026,gradient_boosting,aprendizagem,6,43,16594697.892031753,21005370.761189763,4.127067273618146,-2.826998124407434
valor_aprovado_real,real_jun_2026,gradient_boosting,aprendizagem,7,43,17715699.748355035,22252154.490868412,4.381882637866667,-3.0652147531297884
valor_aprovado_real,real_jun_2026,gradient_boosting,aprendizagem,8,43,18442693.38164474,23148223.429071292,4.55368376548389,-3.1191627125480372
valor_aprovado_real,real_jun_2026,gradient_boosting,aprendizagem,9,43,17223802.313098367,23266204.79785738,4.235513313668585,-3.264074086138092
valor_aprovado_real,real_jun_2026,gradient_boosting,aprendizagem,10,43,18897991.35758804,24535767.82609133,4.630141841721714,-3.3275289690068997
valor_aprovado_real,real_jun_2026,gradient_boosting,aprendizagem,11,43,18424650.071253456,24702795.296373785,4.498507963166766,-3.5531081178811683
valor_aprovado_real,real_jun_2026,gradient_boosting,aprendizagem,12,43,18551372.04231363,25420632.512471218,4.518090746074945,-3.7083251681027005
valor_aprovado_real,real_jun_2026,holt_winters,baseline,1,43,9875790.555052806,12218419.570574079,2.516847437091937,-0.43020114113140995
valor_aprovado_real,real_jun_2026,holt_winters,baseline,2,43,10730075.515391905,13352324.757440152,2.7340198758578653,-0.39237887849317504
valor_aprovado_real,real_jun_2026,holt_winters,baseline,3,43,11443325.706138691,15535871.41132754,2.8857655505857207,-0.4264455756517439
valor_aprovado_real,real_jun_2026,holt_winters,baseline,4,43,14081525.858252292,18263130.929614305,3.518055248234337,-0.4928774153202408
valor_aprovado_real,real_jun_2026,holt_winters,baseline,5,43,15182592.195866235,19365374.056529548,3.7897027201039135,-0.4248580388149831
valor_aprovado_real,real_jun_2026,holt_winters,baseline,6,43,18060140.049831036,22508546.367185924,4.503852110238974,-0.5948019035635187
valor_aprovado_real,real_jun_2026,holt_winters,baseline,7,43,18859424.775880966,24314038.054376047,4.684867537565788,-0.6066000256892977
valor_aprovado_real,real_jun_2026,holt_winters,baseline,8,43,20784941.543003976,25661856.58655475,5.135091139343779,-0.5987857703164822
valor_aprovado_real,real_jun_2026,holt_winters,baseline,9,43,23089990.526966948,27784321.920856044,5.722067155450949,-0.5251831790766647
valor_aprovado_real,real_jun_2026,holt_winters,baseline,10,43,24366841.732748557,29521790.222761635,6.066134978938129,-0.4222437672808505
valor_aprovado_real,real_jun_2026,holt_winters,baseline,11,43,26153428.77145489,30573601.66595888,6.433390125500349,-0.5409266273986361
valor_aprovado_real,real_jun_2026,holt_winters,baseline,12,43,28745543.919085857,33405721.156101186,7.124141616489183,-0.4631882422680586
valor_aprovado_real,real_jun_2026,random_forest,aprendizagem,1,43,13560886.196693704,16591205.4073111,3.4321760571242046,-1.1954939301172227
valor_aprovado_real,real_jun_2026,random_forest,aprendizagem,2,43,12904862.930354716,16407678.217614137,3.2515224799368676,-1.4463169841975034
valor_aprovado_real,real_jun_2026,random_forest,aprendizagem,3,43,14838318.45491355,18432711.485768165,3.7316520847186285,-1.846508698113176
valor_aprovado_real,real_jun_2026,random_forest,aprendizagem,4,43,15875557.229647936,19634188.601634737,3.978797362842372,-2.1444067468618475
valor_aprovado_real,real_jun_2026,random_forest,aprendizagem,5,43,17485404.89941607,21185430.738239776,4.3757960825207,-2.3514644927197996
valor_aprovado_real,real_jun_2026,random_forest,aprendizagem,6,43,18913350.936818585,22621933.80571529,4.719553505993537,-2.705175562925678
valor_aprovado_real,real_jun_2026,random_forest,aprendizagem,7,43,19580555.748806193,23576690.381882384,4.873939288216778,-3.0018856258306243
valor_aprovado_real,real_jun_2026,random_forest,aprendizagem,8,43,20777948.515217435,25064518.14594251,5.167463036509397,-3.0326910034341594
valor_aprovado_real,real_jun_2026,random_forest,aprendizagem,9,43,20909096.261611722,25435728.31371626,5.182044292396645,-3.202422625598175
valor_aprovado_real,real_jun_2026,random_forest,aprendizagem,10,43,21253828.638758313,26056050.001028053,5.24820442803757,-3.3119556705224458
valor_aprovado_real,real_jun_2026,random_forest,aprendizagem,11,43,22028941.36796538,26918677.108357597,5.417622811361875,-3.5670943272666564
valor_aprovado_real,real_jun_2026,random_forest,aprendizagem,12,43,21959246.26845305,27412932.76793443,5.380346710587083,-3.7190248375090604
valor_aprovado_real,real_jun_2026,regressao_linear,aprendizagem,1,43,20395387.259792157,24502512.487843037,5.029276141817644,-3.429773102253342
valor_aprovado_real,real_jun_2026,regressao_linear,aprendizagem,2,43,20952538.241205666,25255658.138111215,5.156364540541713,-3.6160871293235903
valor_aprovado_real,real_jun_2026,regressao_linear,aprendizagem,3,43,21198394.12327642,25780849.826807324,5.18841726328893,-3.97481794078105
valor_aprovado_real,real_jun_2026,regressao_linear,aprendizagem,4,43,21961321.045716856,26613556.478589028,5.361472901850909,-4.168877519999161
valor_aprovado_real,real_jun_2026,regressao_linear,aprendizagem,5,43,22330411.35323498,27076168.264641475,5.446080706835642,-4.276678936730781
valor_aprovado_real,real_jun_2026,regressao_linear,aprendizagem,6,43,23212203.584674068,27864525.99970968,5.645955611549556,-4.578276212285078
valor_aprovado_real,real_jun_2026,regressao_linear,aprendizagem,7,43,23621680.3477932,28296787.012162425,5.731846969885767,-4.845953003527215
valor_aprovado_real,real_jun_2026,regressao_linear,aprendizagem,8,43,24237228.519042693,28813819.620008398,5.885716850419679,-4.84528376425585
valor_aprovado_real,real_jun_2026,regressao_linear,aprendizagem,9,43,24718460.1024861,29256616.427523423,5.995564822290296,-4.970908764937801
valor_aprovado_real,real_jun_2026,regressao_linear,aprendizagem,10,43,25164388.31453105,29763872.27949901,6.101638620038584,-5.089815184087067
valor_aprovado_real,real_jun_2026,regressao_linear,aprendizagem,11,43,26217121.764118016,30585033.52526718,6.348339113872412,-5.38609027058377
valor_aprovado_real,real_jun_2026,regressao_linear,aprendizagem,12,43,26767298.83239989,31135338.03619224,6.476648001306551,-5.598870375828458
valor_aprovado_real,real_jun_2026,ridge,aprendizagem,1,43,20747803.74183072,24966592.509003513,5.11155832503144,-3.566785965120769
valor_aprovado_real,real_jun_2026,ridge,aprendizagem,2,43,21329643.775405053,25717535.991475753,5.244960523441093,-3.756047181646513
valor_aprovado_real,real_jun_2026,ridge,aprendizagem,3,43,21601131.422453504,26240135.52462339,5.283315214612728,-4.121446775064611
valor_aprovado_real,real_jun_2026,ridge,aprendizagem,4,43,22387767.06795583,27089458.099611178,5.461773766017642,-4.320831715896324
valor_aprovado_real,real_jun_2026,ridge,aprendizagem,5,43,22701325.428397413,27531720.116843536,5.532476409504112,-4.433267032404443
valor_aprovado_real,real_jun_2026,ridge,aprendizagem,6,43,23581921.157042116,28317460.778104708,5.731622725456492,-4.734314273058168
valor_aprovado_real,real_jun_2026,ridge,aprendizagem,7,43,24040718.487755198,28762572.0089234,5.830190830871285,-5.002896344591619
valor_aprovado_real,real_jun_2026,ridge,aprendizagem,8,43,24601351.171924368,29238462.175277248,5.970020805623427,-5.0044521661046355
valor_aprovado_real,real_jun_2026,ridge,aprendizagem,9,43,25145904.29796826,29707179.534590434,6.095357058992693,-5.134286568897283
valor_aprovado_real,real_jun_2026,ridge,aprendizagem,10,43,25609201.773816667,30199719.33123133,6.206161301627693,-5.256881977680639
valor_aprovado_real,real_jun_2026,ridge,aprendizagem,11,43,26686052.22478155,31043915.30813249,6.458571239691223,-5.557055911501392
valor_aprovado_real,real_jun_2026,ridge,aprendizagem,12,43,27335558.293002773,31601911.159308743,6.6122364614683455,-5.774526498473137
