alvo,escala,modelo,tipo,MAE,RMSE,MAPE_pct,MAPE_desvio_pct,MAPE_mediana_pct,MASE,vies_pct,recortes,ajustes_nao_convergentes
valor_aprovado,nominal,holt_winters,baseline,15863629.152254844,18466699.718143467,4.440915016063527,2.7636126768922327,3.5127493939983454,1.0176336617061592,-0.8903322125029568,43,2
valor_aprovado,nominal,gradient_boosting,aprendizagem,19476891.280619856,22323302.86319456,5.351826108996289,2.8220420485019573,4.42470654129894,1.234357819650697,-4.980802337680056,43,0
valor_aprovado,nominal,random_forest,aprendizagem,24383986.314069644,27129853.668384243,6.738673619226697,2.949957226189607,5.374883370862737,1.559225529612026,-6.3195897801342955,43,0
valor_aprovado,nominal,regressao_linear,aprendizagem,31200622.09810985,33587225.82722859,8.455567668207532,2.442036348876835,7.637858542278249,1.899909910323179,-8.436603167186302,43,0
valor_aprovado,nominal,ridge,aprendizagem,36895439.16370256,39192351.92304612,10.007807691103986,2.4830535147164006,9.409492696916134,2.2430487425301613,-10.107858474935925,43,0
valor_aprovado_real,real_jun_2026,gradient_boosting,aprendizagem,15843452.10790208,18311071.588265087,3.9209628050128535,2.2826777128628875,3.3083805048823502,0.9786481575659078,-2.8060870283121546,43,0
valor_aprovado_real,real_jun_2026,random_forest,aprendizagem,18340666.45405472,21026286.075392272,4.563259845020472,2.16365338141482,4.029814462166372,1.1296816620881702,-2.765077202518493,43,0
valor_aprovado_real,real_jun_2026,holt_winters,baseline,18447801.762472846,21251939.27647153,4.592827957950077,2.5636026645587497,3.920610926571872,1.1260312050282604,-0.5786229121372967,43,1
valor_aprovado_real,real_jun_2026,regressao_linear,aprendizagem,23398036.12402259,26029085.301302683,5.697276795308141,2.455065653059804,5.118878790864211,1.4083771771575437,-4.702099620959768,43,0
valor_aprovado_real,real_jun_2026,ridge,aprendizagem,23814031.570194457,26511825.504848003,5.794853721861514,2.467794386756637,5.3630885507279045,1.4318329646916517,-4.8589403317811355,43,0
