data,ano,mes,ipca_indice,fator_correcao_jun_2026
2015-01-01,2015,1,4110.2,1.8617999124130213
2015-02-01,2015,2,4160.34,1.8393616867852145
2015-03-01,2015,3,4215.26,1.8153969150182905
2015-04-01,2015,4,4245.19,1.8025977635865533
2015-05-01,2015,5,4276.6,1.7893583687976429
2015-06-01,2015,6,4310.39,1.775331234528662
2015-07-01,2015,7,4337.11,1.7643938014023164
2015-08-01,2015,8,4346.65,1.7605213210173354
2015-09-01,2015,9,4370.12,1.7510663322746287
2015-10-01,2015,10,4405.95,1.736826337112314
2015-11-01,2015,11,4450.45,1.7194598299048411
2015-12-01,2015,12,4493.17,1.7031116116238647
2016-01-01,2016,1,4550.23,1.6817545486711662
2016-02-01,2016,2,4591.18,1.6667545162681487
2016-03-01,2016,3,4610.92,1.659618904687134
2016-04-01,2016,4,4639.05,1.6495554046625924
2016-05-01,2016,5,4675.23,1.6367900616654156
2016-06-01,2016,6,4691.59,1.6310824262137142
2016-07-01,2016,7,4715.99,1.6226433898290709
2016-08-01,2016,8,4736.74,1.615535157091164
2016-09-01,2016,9,4740.53,1.614243555045533
2016-10-01,2016,10,4752.86,1.610055840062615
2016-11-01,2016,11,4761.42,1.6071613090212584
2016-12-01,2016,12,4775.7,1.6023556756077644
2017-01-01,2017,1,4793.85,1.5962889952751962
2017-02-01,2017,2,4809.67,1.5910384704148102
2017-03-01,2017,3,4821.69,1.5870721676424657
2017-04-01,2017,4,4828.44,1.584853493053657
2017-05-01,2017,5,4843.41,1.579955031682224
2017-06-01,2017,6,4832.27,1.583597356935767
2017-07-01,2017,7,4843.87,1.5798049906376512
2017-08-01,2017,8,4853.07,1.5768101428580261
2017-09-01,2017,9,4860.83,1.5742928676789767
2017-10-01,2017,10,4881.25,1.567707042253521
2017-11-01,2017,11,4894.92,1.5633289205952292
2017-12-01,2017,12,4916.46,1.5564796621959702
2018-01-01,2018,1,4930.72,1.5519782100788524
2018-02-01,2018,2,4946.5,1.547027190943091
2018-03-01,2018,3,4950.95,1.5456366959876389
2018-04-01,2018,4,4961.84,1.542244409332022
2018-05-01,2018,5,4981.69,1.5360991952530167
2018-06-01,2018,6,5044.46,1.5169849696498734
2018-07-01,2018,7,5061.11,1.511994404389551
2018-08-01,2018,8,5056.56,1.513354929042669
2018-09-01,2018,9,5080.83,1.5061259676076546
2018-10-01,2018,10,5103.69,1.499379860453907
2018-11-01,2018,11,5092.97,1.5025358484342142
2018-12-01,2018,12,5100.61,1.500285259998314
2019-01-01,2019,1,5116.93,1.4955002315841723
2019-02-01,2019,2,5138.93,1.4890979250544374
2019-03-01,2019,3,5177.47,1.4780133926415797
2019-04-01,2019,4,5206.98,1.4696369104548126
2019-05-01,2019,5,5213.75,1.4677286022536562
2019-06-01,2019,6,5214.27,1.4675822310697373
2019-07-01,2019,7,5224.18,1.4647983032743894
2019-08-01,2019,8,5229.93,1.463187843814353
2019-09-01,2019,9,5227.84,1.4637728010038562
2019-10-01,2019,10,5233.07,1.4623098869306164
2019-11-01,2019,11,5259.76,1.4548895767107244
2019-12-01,2019,12,5320.25,1.4383478220008459
2020-01-01,2020,1,5331.42,1.4353343011805484
2020-02-01,2020,2,5344.75,1.4317545254689181
2020-03-01,2020,3,5348.49,1.4307533528154677
2020-04-01,2020,4,5331.91,1.4352023946390693
2020-05-01,2020,5,5311.65,1.4406766259072041
2020-06-01,2020,6,5325.46,1.4369406586473281
2020-07-01,2020,7,5344.63,1.4317866718556755
2020-08-01,2020,8,5357.46,1.4283578412158
2020-09-01,2020,9,5391.75,1.4192738906662956
2020-10-01,2020,10,5438.12,1.407171963840445
2020-11-01,2020,11,5486.52,1.3947584261061656
2020-12-01,2020,12,5560.59,1.3761795061315436
2021-01-01,2021,1,5574.49,1.3727480002654953
2021-02-01,2021,2,5622.43,1.361043178839043
2021-03-01,2021,3,5674.72,1.348501776299095
2021-04-01,2021,4,5692.31,1.3443347252697058
2021-05-01,2021,5,5739.56,1.3332677069322385
2021-06-01,2021,6,5769.98,1.3262385658182525
2021-07-01,2021,7,5825.37,1.3136281472249831
2021-08-01,2021,8,5876.05,1.3022983126419958
2021-09-01,2021,9,5944.21,1.2873653521662256
2021-10-01,2021,10,6018.51,1.2714725073149333
2021-11-01,2021,11,6075.69,1.2595063276763627
2021-12-01,2021,12,6120.04,1.250379082489657
2022-01-01,2022,1,6153.09,1.2436629400837627
2022-02-01,2022,2,6215.24,1.231226790920383
2022-03-01,2022,3,6315.93,1.2115982919380044
2022-04-01,2022,4,6382.88,1.1988898428295691
2022-05-01,2022,5,6412.88,1.1932813338156958
2022-06-01,2022,6,6455.85,1.1853388786914194
2022-07-01,2022,7,6411.95,1.193454409345051
2022-08-01,2022,8,6388.87,1.1977658020901976
2022-09-01,2022,9,6370.34,1.2012498547958192
2022-10-01,2022,10,6407.93,1.1942031201963816
2022-11-01,2022,11,6434.2,1.1893273445028132
2022-12-01,2022,12,6474.09,1.1819993234570418
2023-01-01,2023,1,6508.4,1.1757682379693934
2023-02-01,2023,2,6563.07,1.1659741553876464
2023-03-01,2023,3,6609.67,1.1577537153897244
2023-04-01,2023,4,6649.99,1.1507340612542274
2023-05-01,2023,5,6665.28,1.148094303615152
2023-06-01,2023,6,6659.95,1.1490131307292097
2023-07-01,2023,7,6667.94,1.14763630146642
2023-08-01,2023,8,6683.28,1.1450021546306604
2023-09-01,2023,9,6700.66,1.1420322774174485
2023-10-01,2023,10,6716.74,1.1392982309870563
2023-11-01,2023,11,6735.55,1.1361165754838134
2023-12-01,2023,12,6773.27,1.1297895994106244
2024-01-01,2024,1,6801.72,1.125063954411531
2024-02-01,2024,2,6858.17,1.1158034869360194
2024-03-01,2024,3,6869.14,1.1140215514605902
2024-04-01,2024,4,6895.24,1.1098047348605704
2024-05-01,2024,5,6926.96,1.1047227066418746
2024-06-01,2024,6,6941.51,1.1024071131497326
2024-07-01,2024,7,6967.89,1.0982334680943584
2024-08-01,2024,8,6966.5,1.0984525945596784
2024-09-01,2024,9,6997.15,1.093640982399977
2024-10-01,2024,10,7036.33,1.0875513229197606
2024-11-01,2024,11,7063.77,1.083326608878828
2024-12-01,2024,12,7100.5,1.077722695584818
2025-01-01,2025,1,7111.86,1.0760012148720588
2025-02-01,2025,2,7205.03,1.0620871807612182
2025-03-01,2025,3,7245.38,1.0561723470680626
2025-04-01,2025,4,7276.54,1.0516495477246053
2025-05-01,2025,5,7295.46,1.0489222064133037
2025-06-01,2025,6,7312.97,1.0464106922358494
2025-07-01,2025,7,7331.98,1.043697609649781
2025-08-01,2025,8,7323.91,1.0448476292035265
2025-09-01,2025,9,7359.06,1.0398569926050336
2025-10-01,2025,10,7365.68,1.0389224077070955
2025-11-01,2025,11,7378.94,1.0370554578299864
2025-12-01,2025,12,7403.29,1.0336445012960453
2026-01-01,2026,1,7427.72,1.0302448126746835
2026-02-01,2026,2,7479.71,1.023083782660023
2026-03-01,2026,3,7545.53,1.0141593764785244
2026-04-01,2026,4,7596.09,1.0074090749319715
2026-05-01,2026,5,7640.15,1.001599445037074
2026-06-01,2026,6,7652.37,1.0
