modelo,tipo,inicio_teste,fim_teste,meses_teste,MAE,RMSE,MAPE_pct,vies_pct
regressao_linear,aprendizagem,2022-01,2022-12,12,20532802.578869164,21854349.722019218,6.571530667984675,-6.520186617282153
regressao_linear,aprendizagem,2022-02,2023-01,12,20062573.007213477,21237436.786059987,6.397013348699335,-6.236812682060178
regressao_linear,aprendizagem,2022-03,2023-02,12,19945679.759686187,21397904.94757287,6.347382806449422,-6.371538551251
regressao_linear,aprendizagem,2022-04,2023-03,12,19482274.277976304,21057330.960657064,6.149193872586004,-6.080676722997957
regressao_linear,aprendizagem,2022-05,2023-04,12,18233035.363096293,20047315.642499533,5.744258582093194,-5.628082292827696
regressao_linear,aprendizagem,2022-06,2023-05,12,18977050.115425315,20924493.519125476,5.924143487543121,-5.785785672067723
regressao_linear,aprendizagem,2022-07,2023-06,12,18686556.30710904,20546130.16137713,5.815858142845513,-5.644511492576454
regressao_linear,aprendizagem,2022-08,2023-07,12,19964488.53384317,22134493.545848288,6.139728690285518,-5.969364385043907
regressao_linear,aprendizagem,2022-09,2023-08,12,20683821.908229273,23987498.443401083,6.245308572529407,-6.094587462395806
regressao_linear,aprendizagem,2022-10,2023-09,12,23393313.8694341,27567834.37444742,6.9267032255514245,-6.819792986269546
regressao_linear,aprendizagem,2022-11,2023-10,12,26211232.91058586,30788742.48761746,7.637858542278249,-7.555919097633557
regressao_linear,aprendizagem,2022-12,2023-11,12,29115181.410162833,33645545.46961271,8.378903869758485,-8.298940543935739
regressao_linear,aprendizagem,2023-01,2023-12,12,31389817.147787023,36377431.277429216,8.892703175934907,-8.827635749859141
regressao_linear,aprendizagem,2023-02,2024-01,12,34563322.572196275,39541898.99038843,9.665361176261404,-9.56099169630873
regressao_linear,aprendizagem,2023-03,2024-02,12,37441975.56097659,41412482.765510365,10.429056403405777,-10.699594198074102
regressao_linear,aprendizagem,2023-04,2024-03,12,38334510.29696613,42228698.80514766,10.588060560750051,-10.828005463914758
regressao_linear,aprendizagem,2023-05,2024-04,12,42637332.07352669,44838383.10945831,11.736253565833508,-11.893833854165692
regressao_linear,aprendizagem,2023-06,2024-05,12,44974186.54043835,47067016.118144505,12.238341963981615,-12.392250927819227
regressao_linear,aprendizagem,2023-07,2024-06,12,46741230.19925228,47689586.77966447,12.704156051101979,-12.765172445013185
regressao_linear,aprendizagem,2023-08,2024-07,12,48383374.56653825,49168022.775450714,13.023335421169755,-13.073058836540241
regressao_linear,aprendizagem,2023-09,2024-08,12,48381466.82779407,49206159.963022195,12.921623053208938,-12.974911770670793
regressao_linear,aprendizagem,2023-10,2024-09,12,45764636.0041436,46819475.34905253,12.207480873844073,-12.264087212023089
regressao_linear,aprendizagem,2023-11,2024-10,12,45498782.049836874,46704885.25674926,12.040372327458748,-12.108395106992242
regressao_linear,aprendizagem,2023-12,2024-11,12,44196621.81311588,45403153.379720345,11.650049776720412,-11.714954747347994
regressao_linear,aprendizagem,2024-01,2024-12,12,42504828.66009262,43754972.647924304,11.160865977847306,-11.227277853904639
regressao_linear,aprendizagem,2024-02,2025-01,12,40608492.48378148,41953460.773782805,10.612115527760684,-10.687600741179427
regressao_linear,aprendizagem,2024-03,2025-02,12,38599924.60466396,40537527.87702029,10.062422550592357,-10.151827799688174
regressao_linear,aprendizagem,2024-04,2025-03,12,37496897.66639119,39524003.49131025,9.727960993376666,-9.819567277348506
regressao_linear,aprendizagem,2024-05,2025-04,12,36090887.07061687,38208357.66913922,9.324871487253573,-9.418124583642552
regressao_linear,aprendizagem,2024-06,2025-05,12,34395230.739999585,36652913.525357254,8.83815082939,-8.942138514248576
regressao_linear,aprendizagem,2024-07,2025-06,12,33757263.360107295,36043475.891587324,8.655707746933828,-8.745656560328452
regressao_linear,aprendizagem,2024-08,2025-07,12,32053600.349531043,34421372.06711857,8.180109942633768,-8.276530742488397
regressao_linear,aprendizagem,2024-09,2025-08,12,29423584.24979116,31852248.816534363,7.49933870120592,-7.592349306954727
regressao_linear,aprendizagem,2024-10,2025-09,12,29963834.60151298,32048909.16006134,7.609775900588178,-7.683474843711591
regressao_linear,aprendizagem,2024-11,2025-10,12,28356201.235226616,30483636.302102797,7.166659049257164,-7.247145604104421
regressao_linear,aprendizagem,2024-12,2025-11,12,25894595.11596264,28669752.41910501,6.530039867039199,-6.619525032268747
regressao_linear,aprendizagem,2025-01,2025-12,12,25636177.670388933,28765124.805306837,6.406928521545802,-6.515747790981141
regressao_linear,aprendizagem,2025-02,2026-01,12,24405699.94463792,27498521.3927489,6.072035528737476,-6.1299459007611246
regressao_linear,aprendizagem,2025-03,2026-02,12,25039174.822567835,27640647.720805738,6.241927911686474,-5.976270453080767
regressao_linear,aprendizagem,2025-04,2026-03,12,24726321.32414264,27292816.539146073,6.130846766921693,-5.81179037785332
regressao_linear,aprendizagem,2025-05,2026-04,12,23142448.389248747,25940413.765446894,5.725881617151806,-5.363963673652938
regressao_linear,aprendizagem,2025-06,2026-05,12,22442693.607458245,25441754.47668651,5.510740042372642,-5.117138669324683
regressao_linear,aprendizagem,2025-07,2026-06,12,23493628.628398746,25874530.599668752,5.758352612353801,-5.338769948417921
ridge,aprendizagem,2022-01,2022-12,12,24901422.453599676,26322835.575750984,7.973067703396075,-8.057818609213319
ridge,aprendizagem,2022-02,2023-01,12,24198624.484813023,25765257.32556344,7.705870632124993,-7.797864564716717
ridge,aprendizagem,2022-03,2023-02,12,24664320.738862764,25886381.107827958,7.86187820762327,-7.91692020481295
ridge,aprendizagem,2022-04,2023-03,12,23964526.397597652,25608293.625644438,7.572668564298386,-7.65320114039485
ridge,aprendizagem,2022-05,2023-04,12,22611962.26861729,24515348.16186561,7.130525300258057,-7.213554679954537
ridge,aprendizagem,2022-06,2023-05,12,23283595.04671359,25433668.747691963,7.272382942570175,-7.3727743588438805
ridge,aprendizagem,2022-07,2023-06,12,22951101.184616476,25074278.695884872,7.142457327032768,-7.238400148069113
ridge,aprendizagem,2022-08,2023-07,12,24210749.60329743,26687802.204285134,7.444558547946201,-7.565243730393889
ridge,aprendizagem,2022-09,2023-08,12,25019588.066525225,28491390.80412436,7.563609399717067,-7.708415762860699
ridge,aprendizagem,2022-10,2023-09,12,27778385.074777585,32059934.350442033,8.239926000732101,-8.428958144716713
ridge,aprendizagem,2022-11,2023-10,12,30649203.960147735,35324392.87003824,8.947142655545308,-9.160144242493418
ridge,aprendizagem,2022-12,2023-11,12,33610976.86241359,38258343.10053859,9.686258841041312,-9.898174276269799
ridge,aprendizagem,2023-01,2023-12,12,35975137.483272366,41027482.40094795,10.208953970408913,-10.431250181031682
ridge,aprendizagem,2023-02,2024-01,12,39219875.26656427,44295472.684342034,10.980544456046553,-11.157153161798606
ridge,aprendizagem,2023-03,2024-02,12,42905528.60437567,46432744.89288895,11.994769158574387,-12.26088469004668
ridge,aprendizagem,2023-04,2024-03,12,43766291.63785865,47333965.79637976,12.12622111757478,-12.397847869479417
ridge,aprendizagem,2023-05,2024-04,12,48162559.83273673,50154050.9789413,13.27891017536185,-13.435115584953694
ridge,aprendizagem,2023-06,2024-05,12,50556313.665213645,52476634.70708119,13.776768416875065,-13.930358125800524
ridge,aprendizagem,2023-07,2024-06,12,52341035.902258776,53205702.0412637,14.233053907659645,-14.294496451949357
ridge,aprendizagem,2023-08,2024-07,12,54064569.00061574,54781219.87387718,14.557867407334205,-14.60810242876387
ridge,aprendizagem,2023-09,2024-08,12,54179395.5719197,54931218.8998693,14.476117994295516,-14.529796705751973
ridge,aprendizagem,2023-10,2024-09,12,51680541.99464685,52611296.042712584,13.793023776605077,-13.849442047994975
ridge,aprendizagem,2023-11,2024-10,12,51530382.74877321,52599185.471520476,13.645831663363236,-13.713559049849778
ridge,aprendizagem,2023-12,2024-11,12,50348089.40403065,51405158.73994305,13.281432181392184,-13.345490329050714
ridge,aprendizagem,2024-01,2024-12,12,48780957.05174024,49875945.417441756,12.819614779174202,-12.885062146209393
ridge,aprendizagem,2024-02,2025-01,12,47013114.15487351,48199240.35928867,12.298288056035606,-12.373209714383126
ridge,aprendizagem,2024-03,2025-02,12,45059951.07114176,46702244.34104,11.763347070051717,-11.850822731434407
ridge,aprendizagem,2024-04,2025-03,12,44046900.974449076,45760321.89517001,11.445077599872059,-11.534861132391294
ridge,aprendizagem,2024-05,2025-04,12,42728079.8373928,44509275.35301143,11.058575520978703,-11.150138214696792
ridge,aprendizagem,2024-06,2025-05,12,41137367.7355163,43051939.483018465,10.591975197811939,-10.694972311227225
ridge,aprendizagem,2024-07,2025-06,12,40535284.715356104,42423282.99032914,10.413317525330905,-10.501671148929004
ridge,aprendizagem,2024-08,2025-07,12,38935377.57772066,40896105.501242384,9.958284094502746,-10.053468127711074
ridge,aprendizagem,2024-09,2025-08,12,36402119.341983534,38386920.65615009,9.301117491211059,-9.393063850124028
ridge,aprendizagem,2024-10,2025-09,12,36977008.18887683,38651039.802940205,9.409492696916134,-9.481827542880872
ridge,aprendizagem,2024-11,2025-10,12,35465128.90770984,37184209.40153733,8.984569246381024,-9.064012168992907
ridge,aprendizagem,2024-12,2025-11,12,33073013.916875865,35268075.83032614,8.366832459440026,-8.454569091925112
ridge,aprendizagem,2025-01,2025-12,12,32893855.915506583,35395261.15945906,8.253664094480959,-8.360375395036911
ridge,aprendizagem,2025-02,2026-01,12,31515699.776432674,34149739.462928906,7.869716897411403,-7.984620795681585
ridge,aprendizagem,2025-03,2026-02,12,31014696.687491447,34045568.07763345,7.731794655595346,-7.823779721262758
ridge,aprendizagem,2025-04,2026-03,12,30775874.281931173,33717378.83896702,7.630776560954007,-7.663402251364316
ridge,aprendizagem,2025-05,2026-04,12,29254363.55248876,32263910.424040947,7.239321370297064,-7.2238138858675915
ridge,aprendizagem,2025-06,2026-05,12,28628040.933789577,31773583.75563174,7.033663728436776,-6.984324481396975
ridge,aprendizagem,2025-07,2026-06,12,29692872.1636854,32335030.841401175,7.272461324812592,-7.1949532215182295
random_forest,aprendizagem,2022-01,2022-12,12,39405533.50689954,40505781.97690171,12.656901240804356,-12.751184868636845
random_forest,aprendizagem,2022-02,2023-01,12,33598511.46018223,35113647.08367757,10.718837026539505,-10.826922914854586
random_forest,aprendizagem,2022-03,2023-02,12,32028764.898269296,32905937.885190822,10.225370801791527,-10.28080921599317
random_forest,aprendizagem,2022-04,2023-03,12,23776057.02018475,25701715.357828956,7.502021830425541,-7.593012425199108
random_forest,aprendizagem,2022-05,2023-04,12,18576607.839364376,20950605.70065214,5.836427977116799,-5.925905017506472
random_forest,aprendizagem,2022-06,2023-05,12,17295168.62144813,19893360.73324223,5.377755883816312,-5.250344534016127
random_forest,aprendizagem,2022-07,2023-06,12,16220526.21300836,18517453.335169587,5.032118455536267,-4.754447517702786
random_forest,aprendizagem,2022-08,2023-07,12,17547281.118861556,20387174.307556327,5.3748833708627295,-5.05683022324056
random_forest,aprendizagem,2022-09,2023-08,12,17192532.308674153,22164881.323386915,5.14588931343015,-4.732413583693729
random_forest,aprendizagem,2022-10,2023-09,12,20356731.729011867,26225790.31377818,5.975744064768454,-5.605561036630846
random_forest,aprendizagem,2022-11,2023-10,12,24054028.259657707,29915094.02211001,6.967799670871033,-6.611754223990596
random_forest,aprendizagem,2022-12,2023-11,12,27822020.999592256,33024603.168982744,7.987982265406475,-7.595691760167645
random_forest,aprendizagem,2023-01,2023-12,12,30358220.86889295,35514212.60782502,8.604447717115553,-8.048876987022812
random_forest,aprendizagem,2023-02,2024-01,12,34011004.76575901,38747275.423127726,9.547152136667785,-8.646359760629906
random_forest,aprendizagem,2023-03,2024-02,12,38002773.5752502,42454610.87507894,10.57027753005359,-10.84600457115158
random_forest,aprendizagem,2023-04,2024-03,12,38375895.91140205,42565266.69278411,10.595477479586256,-10.520446272340644
random_forest,aprendizagem,2023-05,2024-04,12,43687405.11967771,46611888.095810965,11.998599024359152,-12.186755426371965
random_forest,aprendizagem,2023-06,2024-05,12,43387956.84503995,46550408.27809783,11.760722212548162,-11.955178955503264
random_forest,aprendizagem,2023-07,2024-06,12,45514057.021020494,46902051.09120095,12.349585869671431,-12.430027709343094
random_forest,aprendizagem,2023-08,2024-07,12,44140426.899229646,45328775.783798024,11.85914184177308,-11.926625686888704
random_forest,aprendizagem,2023-09,2024-08,12,39722919.22522232,41210043.98535188,10.575050516541422,-10.652867844111247
random_forest,aprendizagem,2023-10,2024-09,12,32377151.23749483,34147481.5907765,8.599212941089181,-8.676485625659659
random_forest,aprendizagem,2023-11,2024-10,12,27036430.2841363,29650796.627079975,7.096725554513412,-7.195088866431465
random_forest,aprendizagem,2023-12,2024-11,12,22850324.015857596,25728825.25566456,5.962133337471281,-6.056809340314128
random_forest,aprendizagem,2024-01,2024-12,12,19603335.965438064,22763464.947309334,5.081738046735345,-5.039614024556471
random_forest,aprendizagem,2024-02,2025-01,12,18021803.001797616,20913042.313379705,4.65527057439305,-4.325698973189063
random_forest,aprendizagem,2024-03,2025-02,12,18287509.156384975,21585569.682095192,4.714433136962489,-4.7028813762031385
random_forest,aprendizagem,2024-04,2025-03,12,18806885.716532543,21502575.80528212,4.840752456390854,-4.624188678905616
random_forest,aprendizagem,2024-05,2025-04,12,19071555.914347824,21030813.481734265,4.908449726887392,-4.412605930064162
random_forest,aprendizagem,2024-06,2025-05,12,18354211.438832402,19894832.651658777,4.715311699067999,-3.6905359873241173
random_forest,aprendizagem,2024-07,2025-06,12,19108726.45728823,20983002.37512525,4.892589198629222,-4.449447625066327
random_forest,aprendizagem,2024-08,2025-07,12,16889020.206915993,18772093.2270391,4.308941123295988,-3.487177999994795
random_forest,aprendizagem,2024-09,2025-08,12,14449929.542596212,16106980.38052922,3.701140891223099,-2.4147043984165895
random_forest,aprendizagem,2024-10,2025-09,12,15855486.236745378,17314400.744218178,4.036551709645019,-3.3089354267150206
random_forest,aprendizagem,2024-11,2025-10,12,13748749.53731428,16083650.533517849,3.4900091454717024,-2.3557798497063853
random_forest,aprendizagem,2024-12,2025-11,12,13354384.272549108,15708976.635879524,3.392628153947743,-2.1612545343244416
random_forest,aprendizagem,2025-01,2025-12,12,14508316.782766774,17341561.84119493,3.6571402174229246,-2.1470415824817235
random_forest,aprendizagem,2025-02,2026-01,12,14693375.943677211,17504690.681996692,3.704699923480586,-1.8901924607500509
random_forest,aprendizagem,2025-03,2026-02,12,15841086.847031727,18255710.972052556,3.9379433422486723,-3.1778079406307946
random_forest,aprendizagem,2025-04,2026-03,12,17129735.00752123,19518320.97173344,4.241685636180184,-3.351414512334938
random_forest,aprendizagem,2025-05,2026-04,12,17144919.319050893,19271756.905350782,4.248229440458232,-3.24107336603191
random_forest,aprendizagem,2025-06,2026-05,12,17258266.5300751,19803243.057176318,4.252188480846435,-2.8666644526869733
random_forest,aprendizagem,2025-07,2026-06,12,19045783.883991957,21511339.018175665,4.663004660701615,-3.9689370589913175
gradient_boosting,aprendizagem,2022-01,2022-12,12,38393695.043164596,39095184.7405222,12.356476207397305,-12.423765388171681
gradient_boosting,aprendizagem,2022-02,2023-01,12,16549826.628257567,17645728.485290714,5.273870535479968,-5.116952741367076
gradient_boosting,aprendizagem,2022-03,2023-02,12,20959321.143469673,21494249.856546197,6.70179909662127,-6.727664418442392
gradient_boosting,aprendizagem,2022-04,2023-03,12,8739484.639807245,11138509.042611271,2.7296813845144827,-2.791001695678863
gradient_boosting,aprendizagem,2022-05,2023-04,12,9276301.66549032,11437716.660452705,2.9012400209387517,-2.913563178455647
gradient_boosting,aprendizagem,2022-06,2023-05,12,11481969.869287252,14243122.599616028,3.5542795261603843,-3.5893054316631257
gradient_boosting,aprendizagem,2022-07,2023-06,12,12183223.995981812,14705166.330455443,3.7640727725363776,-3.8154365211772956
gradient_boosting,aprendizagem,2022-08,2023-07,12,14520254.413219756,17863546.272280775,4.42470654129894,-4.489955574765869
gradient_boosting,aprendizagem,2022-09,2023-08,12,12002626.363591224,15952228.877725895,3.5982667668682433,-1.9375488151141096
gradient_boosting,aprendizagem,2022-10,2023-09,12,15934842.475447968,22440523.633393593,4.639759566134621,-3.985104146823659
gradient_boosting,aprendizagem,2022-11,2023-10,12,20572762.301204164,27781748.54363104,5.898127096171662,-5.7665145665013124
gradient_boosting,aprendizagem,2022-12,2023-11,12,25191823.646354627,31886214.946122233,7.164940416036818,-7.134323839963763
gradient_boosting,aprendizagem,2023-01,2023-12,12,27466989.465688083,33581572.60064862,7.733878877727431,-7.26525207856652
gradient_boosting,aprendizagem,2023-02,2024-01,12,32373150.142768946,37747576.63383255,9.03381712201402,-8.705352789935795
gradient_boosting,aprendizagem,2023-03,2024-02,12,41166613.797078475,45425561.29098698,11.476860961560966,-11.76396425504448
gradient_boosting,aprendizagem,2023-04,2024-03,12,31953736.289533764,35767191.45991396,8.824422660137111,-8.527261455154134
gradient_boosting,aprendizagem,2023-05,2024-04,12,45058703.971311115,47658827.350174956,12.400786323360615,-12.569284067648335
gradient_boosting,aprendizagem,2023-06,2024-05,12,35931792.80718086,38609236.06116373,9.746269082988302,-9.674649887848751
gradient_boosting,aprendizagem,2023-07,2024-06,12,40488952.47151156,41776095.75147282,10.99041584976453,-11.057656339243216
gradient_boosting,aprendizagem,2023-08,2024-07,12,33678689.076760635,35036221.28260443,9.042585743667916,-9.099892014198929
gradient_boosting,aprendizagem,2023-09,2024-08,12,23313006.871966537,25356595.838421814,6.186054414954494,-6.252067725632449
gradient_boosting,aprendizagem,2023-10,2024-09,12,18463231.234761436,21043515.786463264,4.881848407775747,-4.947809003842208
gradient_boosting,aprendizagem,2023-11,2024-10,12,17399316.499462817,20562037.05324962,4.547906300231563,-4.630405238899371
gradient_boosting,aprendizagem,2023-12,2024-11,12,17592510.436734036,20537850.221863516,4.585322291230309,-4.663149697957825
gradient_boosting,aprendizagem,2024-01,2024-12,12,17360119.136995297,20264459.64774245,4.504851289343758,-4.585523275169178
gradient_boosting,aprendizagem,2024-02,2025-01,12,14603103.66169629,17742410.934707515,3.7592673398698677,-3.6282187954565615
gradient_boosting,aprendizagem,2024-03,2025-02,12,17391736.16830766,20358453.488273785,4.49175845480175,-4.5740480720248495
gradient_boosting,aprendizagem,2024-04,2025-03,12,18497563.207240853,20885182.38764144,4.768490707711947,-4.844082515746672
gradient_boosting,aprendizagem,2024-05,2025-04,12,14936798.927964484,16612965.319705227,3.8431494564377213,-3.394103350233213
gradient_boosting,aprendizagem,2024-06,2025-05,12,11344186.778254217,12715154.150521668,2.95932935395294,-0.9688986352334616
gradient_boosting,aprendizagem,2024-07,2025-06,12,16056726.896387542,17640145.456460528,4.1074030538726936,-3.835828573247657
gradient_boosting,aprendizagem,2024-08,2025-07,12,9730789.041522676,11643065.664684387,2.5149873102771227,-1.0178502696095437
gradient_boosting,aprendizagem,2024-09,2025-08,12,8918758.743190348,11208926.349617714,2.3144368853787136,-0.5674617997950993
gradient_boosting,aprendizagem,2024-10,2025-09,12,11992009.534974461,13763645.203636557,3.049422216934201,-2.5822559747631812
gradient_boosting,aprendizagem,2024-11,2025-10,12,9304497.350210061,12064821.997487415,2.3720502541838937,-0.9642846248758219
gradient_boosting,aprendizagem,2024-12,2025-11,12,10942684.306138853,13767224.92330879,2.769149771858413,-1.964761004651483
gradient_boosting,aprendizagem,2025-01,2025-12,12,12879542.690149993,15786429.481211677,3.2240581169812814,-2.4617719076301836
gradient_boosting,aprendizagem,2025-02,2026-01,12,13390034.553556478,15876750.572733058,3.3500630112048637,-2.4226191153424614
gradient_boosting,aprendizagem,2025-03,2026-02,12,17772332.973953515,20500393.444325846,4.412183375497545,-4.493187658071463
gradient_boosting,aprendizagem,2025-04,2026-03,12,17248842.65553473,19935344.129272617,4.257583963076984,-4.183621309052965
gradient_boosting,aprendizagem,2025-05,2026-04,12,15393972.819810277,17642086.81181952,3.799461981222148,-3.442322121154784
gradient_boosting,aprendizagem,2025-06,2026-05,12,12878806.735831127,14354908.610200467,3.2009758919370572,-1.3411145628090315
gradient_boosting,aprendizagem,2025-07,2026-06,12,16170993.634900436,18353433.224570945,3.9725122867256872,-3.0546660832779904
