data,previsao_valor_aprovado,limite_inferior_95,limite_superior_95,modelo_usado
2026-07-01,414901984.60362893,391975487.92809504,437828481.2791628,gradient_boosting
2026-08-01,414901984.60362893,390062390.85987556,439741578.3473823,gradient_boosting
2026-09-01,410142434.6891463,379697879.5529531,440586989.82533944,gradient_boosting
2026-10-01,414901984.60362893,377842388.2185496,451961580.98870826,gradient_boosting
2026-11-01,413930020.8385469,378240738.53286314,449619303.1442306,gradient_boosting
2026-12-01,418852710.7323847,374978868.834915,462726552.6298544,gradient_boosting
2027-01-01,416315571.13256747,370076773.57797706,462554368.68715787,gradient_boosting
2027-02-01,396553247.22509956,345486194.1229733,447620300.3272258,gradient_boosting
2027-03-01,409645457.49697334,359525320.92209625,459765594.0718504,gradient_boosting
2027-04-01,403307703.19514924,350028134.21390665,456587272.17639184,gradient_boosting
2027-05-01,415735218.33497274,361634635.2632366,469835801.4067089,gradient_boosting
2027-06-01,407401892.9890204,348337521.7595179,466466264.2185229,gradient_boosting
