cod_municipio,municipio,uf_ibge,2015,2016,2017,2018,2019,2020,2021,2022,2023
110002,ARIQUEMES,11,419.0,13829.0,19034.0,24391.0,26500.0,26247.0,25874.0,28278.0,26069.0
110004,CACOAL,11,15884.0,18741.0,21310.0,21197.0,20505.0,20469.0,19989.0,21199.0,23266.0
110012,JI-PARANA,11,19430.0,23297.0,26732.0,28800.0,29222.0,30116.0,24488.0,25184.0,24439.0
110020,PORTO VELHO,11,37350.0,41820.0,47390.0,52599.0,54473.0,54838.0,51968.0,53205.0,54057.0
110030,VILHENA,11,12476.0,13982.0,16601.0,17327.0,18069.0,17992.0,17663.0,17790.0,4429.0
120010,BRASILEIA,12,0.0,0.0,0.0,0.0,0.0,0.0,0.0,0.0,4.0
120020,CRUZEIRO DO SUL,12,0.0,337.0,4325.0,4324.0,5137.0,5520.0,6378.0,7932.0,9756.0
120040,RIO BRANCO,12,34953.0,38077.0,42147.0,43493.0,46647.0,51829.0,49088.0,46194.0,46950.0
130260,MANAUS,13,108710.0,103437.0,102427.0,101989.0,116850.0,158129.0,150818.0,168584.0,169950.0
140010,BOA VISTA,14,28705.0,32016.0,36321.0,35220.0,36473.0,37171.0,35720.0,37739.0,42783.0
150010,ABAETETUBA,15,0.0,0.0,0.0,0.0,0.0,0.0,0.0,0.0,0.0
150060,ALTAMIRA,15,10875.0,12954.0,14245.0,16279.0,16495.0,17205.0,15658.0,15972.0,16238.0
150080,ANANINDEUA,15,19012.0,14654.0,31180.0,42723.0,48156.0,61242.0,62062.0,62814.0,56884.0
150140,BELEM,15,93536.0,96978.0,124994.0,130358.0,134398.0,129108.0,141540.0,154770.0,162369.0
150170,BRAGANCA,15,8137.0,8124.0,7995.0,7935.0,8040.0,8135.0,7962.0,8113.0,8185.0
150180,BREVES,15,0.0,0.0,0.0,0.0,0.0,0.0,0.0,2514.0,4498.0
150220,CAPANEMA,15,0.0,0.0,0.0,0.0,0.0,0.0,0.0,0.0,0.0
150240,CASTANHAL,15,26818.0,27115.0,27287.0,32114.0,38577.0,41512.0,44710.0,50626.0,56718.0
150360,ITAITUBA,15,0.0,0.0,0.0,0.0,0.0,0.0,0.0,0.0,0.0
150420,MARABA,15,30017.0,31441.0,32135.0,33712.0,36331.0,36866.0,34998.0,35510.0,48463.0
150442,MARITUBA,15,17631.0,18451.0,18800.0,18440.0,18437.0,19303.0,18081.0,19243.0,19104.0
150553,PARAUAPEBAS,15,0.0,0.0,21.0,6.0,16.0,5.0,8714.0,9602.0,8869.0
150613,REDENCAO,15,19185.0,20518.0,21303.0,22865.0,24964.0,25349.0,26477.0,28115.0,28939.0
150680,SANTAREM,15,34970.0,38046.0,38893.0,39491.0,39557.0,39998.0,44693.0,44889.0,44550.0
150810,TUCURUI,15,0.0,0.0,0.0,0.0,0.0,0.0,0.0,0.0,0.0
150812,ULIANOPOLIS,15,19050.0,20640.0,23396.0,27091.0,29408.0,29057.0,28834.0,30890.0,33505.0
160030,MACAPA,16,31060.0,32687.0,39319.0,42258.0,43762.0,42341.0,43717.0,47951.0,53009.0
170210,ARAGUAINA,17,19987.0,19146.0,18897.0,19827.0,20884.0,21977.0,21727.0,22323.0,23761.0
170950,GURUPI,17,15916.0,16230.0,16432.0,16881.0,17510.0,18171.0,18147.0,17862.0,17362.0
172100,PALMAS,17,27470.0,28800.0,28610.0,30090.0,32438.0,34017.0,33827.0,34243.0,35500.0
210005,ACAILANDIA,21,0.0,0.0,0.0,10549.0,16313.0,18003.0,18618.0,20045.0,20941.0
210120,BACABAL,21,33631.0,38949.0,41308.0,41657.0,43550.0,44756.0,48118.0,50842.0,57210.0
210140,BALSAS,21,0.0,0.0,0.0,0.0,0.0,0.0,0.0,0.0,0.0
210160,BARRA DO CORDA,21,0.0,0.0,0.0,0.0,0.0,0.0,0.0,0.0,57.0
210300,CAXIAS,21,53289.0,53545.0,48620.0,53103.0,55061.0,55310.0,53343.0,49112.0,48432.0
210320,CHAPADINHA,21,0.0,0.0,0.0,0.0,0.0,123.0,7941.0,8666.0,17374.0
210330,CODO,21,0.0,0.0,8703.0,12802.0,17527.0,19494.0,18933.0,21209.0,23932.0
210360,COROATA,21,0.0,0.0,0.0,0.0,0.0,0.0,0.0,0.0,0.0
210530,IMPERATRIZ,21,59824.0,60614.0,60102.0,61039.0,67566.0,74272.0,72873.0,73459.0,78637.0
210820,PEDREIRAS,21,18248.0,18631.0,16310.0,18831.0,19142.0,18580.0,17894.0,17534.0,16661.0
210860,PINHEIRO,21,0.0,0.0,0.0,0.0,0.0,120.0,18612.0,27726.0,31116.0
210910,PRESIDENTE DUTRA,21,0.0,0.0,0.0,0.0,0.0,0.0,0.0,40.0,7492.0
210990,SANTA INES,21,0.0,0.0,0.0,0.0,0.0,0.0,0.0,0.0,126.0
211130,SAO LUIS,21,115785.0,132629.0,150634.0,155191.0,157869.0,153427.0,153793.0,192382.0,197591.0
211220,TIMON,21,16774.0,16915.0,17026.0,16104.0,16290.0,18386.0,16784.0,16471.0,16921.0
220190,BOM JESUS,22,3547.0,5411.0,5711.0,6792.0,7837.0,7462.0,7806.0,8845.0,10393.0
220220,CAMPO MAIOR,22,32886.0,33349.0,33948.0,35062.0,39433.0,42324.0,42573.0,43061.0,45519.0
220390,FLORIANO,22,38365.0,41028.0,43605.0,47337.0,49961.0,51496.0,51958.0,52328.0,48648.0
220770,PARNAIBA,22,21910.0,25153.0,27703.0,30427.0,33754.0,35789.0,33936.0,33293.0,35812.0
220800,PICOS,22,40904.0,46837.0,54001.0,57520.0,61904.0,64388.0,64847.0,69019.0,72903.0
220840,PIRIPIRI,22,0.0,0.0,0.0,0.0,0.0,0.0,0.0,0.0,0.0
221060,SAO RAIMUNDO NONATO,22,0.0,0.0,0.0,0.0,0.0,0.0,0.0,0.0,8176.0
221100,TERESINA,22,121112.0,128809.0,133595.0,139181.0,148207.0,151590.0,146161.0,152366.0,155564.0
230190,BARBALHA,23,30054.0,31588.0,32757.0,32225.0,33427.0,36020.0,38037.0,40859.0,43137.0
230210,BATURITE,23,14278.0,15006.0,16755.0,20283.0,22458.0,23609.0,22860.0,21928.0,23556.0
230280,CANINDE,23,29853.0,29194.0,19505.0,20808.0,21112.0,22172.0,23361.0,25545.0,28661.0
230350,CASCAVEL,23,31257.0,33176.0,34025.0,36171.0,40994.0,42463.0,39702.0,43075.0,50372.0
230370,CAUCAIA,23,39970.0,45667.0,49009.0,52773.0,58815.0,60464.0,59234.0,64514.0,73065.0
230410,CRATEUS,23,0.0,2243.0,17665.0,22874.0,25298.0,26851.0,30050.0,35280.0,38822.0
230420,CRATO,23,37675.0,38593.0,40358.0,38621.0,38852.0,41154.0,43431.0,46552.0,50915.0
230428,EUSEBIO,23,20454.0,25758.0,32285.0,32529.0,34163.0,34344.0,33510.0,33549.0,34277.0
230440,FORTALEZA,23,246594.0,246496.0,239810.0,242206.0,252427.0,265275.0,271362.0,280481.0,298428.0
230523,HORIZONTE,23,0.0,0.0,0.0,0.0,0.0,0.0,0.0,0.0,0.0
230550,IGUATU,23,21455.0,22295.0,22035.0,24304.0,24609.0,24711.0,23749.0,24722.0,28829.0
230640,ITAPIPOCA,23,16163.0,16312.0,19557.0,20743.0,22366.0,26319.0,30383.0,35731.0,41524.0
230730,JUAZEIRO DO NORTE,23,22693.0,23509.0,27062.0,28364.0,29601.0,30506.0,29393.0,28340.0,30879.0
230765,MARACANAU,23,32019.0,32295.0,32130.0,32486.0,32518.0,36978.0,38559.0,40539.0,44914.0
231130,QUIXADA,23,16374.0,16636.0,16560.0,16985.0,17994.0,18535.0,17955.0,19593.0,23205.0
231180,RUSSAS,23,19346.0,22137.0,21938.0,23129.0,24610.0,25372.0,26865.0,29311.0,32289.0
231290,SOBRAL,23,42750.0,48457.0,51567.0,53267.0,53845.0,52812.0,52372.0,55327.0,58160.0
231330,TAUA,23,0.0,0.0,0.0,0.0,0.0,0.0,0.0,0.0,0.0
231340,TIANGUA,23,0.0,0.0,0.0,0.0,0.0,0.0,0.0,0.0,0.0
240020,ASSU,24,10430.0,11889.0,13183.0,14299.0,14664.0,16696.0,19065.0,19514.0,13500.0
240200,CAICO,24,24853.0,25222.0,29168.0,30862.0,32079.0,32508.0,35168.0,36327.0,36870.0
240325,PARNAMIRIM,24,22398.0,21647.0,21220.0,23223.0,23225.0,27293.0,32229.0,10944.0,0.0
240800,MOSSORO,24,44520.0,44748.0,45868.0,47673.0,50284.0,51540.0,52425.0,57854.0,64750.0
240810,NATAL,24,136547.0,137271.0,141344.0,135534.0,138688.0,144488.0,147185.0,173123.0,214860.0
240940,PAU DOS FERROS,24,13685.0,14165.0,15369.0,16600.0,17350.0,18779.0,21346.0,22988.0,23975.0
241120,SANTA CRUZ,24,0.0,0.0,0.0,11145.0,14102.0,17350.0,18694.0,20038.0,21987.0
250370,CAJAZEIRAS,25,0.0,0.0,0.0,2061.0,13715.0,15037.0,16918.0,17938.0,18530.0
250400,CAMPINA GRANDE,25,91696.0,91459.0,91046.0,95832.0,101263.0,108656.0,109815.0,108916.0,100429.0
250630,GUARABIRA,25,0.0,0.0,0.0,1255.0,10106.0,12359.0,14144.0,15242.0,17302.0
250750,JOAO PESSOA,25,66398.0,70986.0,79264.0,89207.0,104355.0,107975.0,107932.0,112600.0,123564.0
250970,MONTEIRO,25,0.0,0.0,0.0,0.0,0.0,0.0,0.0,0.0,0.0
251080,PATOS,25,12085.0,12670.0,13457.0,15347.0,22741.0,23471.0,29279.0,32220.0,34394.0
251620,SOUSA,25,16395.0,16616.0,16524.0,17705.0,18924.0,18131.0,18725.0,19603.0,19852.0
260110,ARARIPINA,26,0.0,0.0,0.0,15311.0,22786.0,22406.0,24347.0,26380.0,24302.0
260120,ARCOVERDE,26,47984.0,48707.0,50614.0,51870.0,53738.0,57036.0,55488.0,56985.0,47455.0
260290,CABO DE SANTO AGOSTINHO,26,38532.0,41358.0,41863.0,42243.0,43865.0,46956.0,50536.0,52646.0,50762.0
260400,CARPINA,26,64420.0,67875.0,73154.0,74797.0,75119.0,87707.0,90302.0,95381.0,99438.0
260410,CARUARU,26,50528.0,48707.0,51465.0,60174.0,66154.0,65648.0,64249.0,69139.0,79304.0
260600,GARANHUNS,26,38660.0,37993.0,41043.0,44097.0,47566.0,46786.0,46614.0,50364.0,54268.0
260790,JABOATAO DOS GUARARAPES,26,45320.0,50496.0,50669.0,48925.0,50454.0,50820.0,52225.0,52744.0,55468.0
260960,OLINDA,26,26664.0,23382.0,23496.0,23002.0,24517.0,25676.0,23349.0,19018.0,15555.0
261000,PALMARES,26,30338.0,29669.0,31489.0,32328.0,37564.0,38128.0,38606.0,41643.0,41938.0
261070,PAULISTA,26,0.0,0.0,0.0,0.0,0.0,383.0,23095.0,36243.0,37200.0
261110,PETROLINA,26,27488.0,26358.0,25260.0,24961.0,24881.0,24727.0,23685.0,22442.0,20775.0
261160,RECIFE,26,295893.0,305157.0,317160.0,336544.0,346932.0,358044.0,342547.0,342951.0,354964.0
261220,SALGUEIRO,26,18198.0,17665.0,18376.0,18679.0,18842.0,19566.0,19775.0,22120.0,22901.0
261390,SERRA TALHADA,26,0.0,0.0,0.0,0.0,0.0,0.0,0.0,2484.0,17332.0
261640,VITORIA DE SANTO ANTAO,26,45527.0,45039.0,45886.0,46178.0,49455.0,52009.0,52959.0,56432.0,56667.0
270030,ARAPIRACA,27,54819.0,59016.0,61092.0,64779.0,66594.0,66557.0,66999.0,69792.0,75650.0
270430,MACEIO,27,133187.0,133653.0,131516.0,136645.0,146674.0,154928.0,153275.0,162076.0,171392.0
270630,PALMEIRA DOS INDIOS,27,21425.0,21607.0,21566.0,21168.0,21747.0,21764.0,21260.0,21090.0,21312.0
270800,SANTANA DO IPANEMA,27,0.0,0.0,0.0,0.0,0.0,0.0,0.0,0.0,0.0
270840,SAO JOSE DA TAPERA,27,0.0,0.0,0.0,0.0,0.0,0.0,0.0,0.0,0.0
270860,SAO MIGUEL DOS CAMPOS,27,13968.0,14939.0,14865.0,15362.0,15971.0,17449.0,20745.0,24403.0,25727.0
280030,ARACAJU,28,101545.0,103463.0,93795.0,95954.0,98059.0,101616.0,103641.0,97663.0,105340.0
280210,ESTANCIA,28,0.0,0.0,17459.0,18347.0,19423.0,19308.0,17118.0,16718.0,17069.0
280290,ITABAIANA,28,14538.0,19135.0,20356.0,20574.0,21022.0,20626.0,20249.0,22325.0,23967.0
280350,LAGARTO,28,0.0,0.0,0.0,0.0,0.0,0.0,0.0,11815.0,18510.0
290070,ALAGOINHAS,29,22066.0,21912.0,24925.0,27527.0,31005.0,32532.0,31616.0,34374.0,38994.0
290320,BARREIRAS,29,14408.0,13214.0,11489.0,14801.0,22034.0,29225.0,27375.0,28036.0,24952.0
290390,BOM JESUS DA LAPA,29,0.0,0.0,0.0,0.0,0.0,0.0,12.0,71.0,39.0
290460,BRUMADO,29,19005.0,26890.0,30566.0,33460.0,33043.0,31408.0,23110.0,21292.0,22406.0
290570,CAMACARI,29,31772.0,32764.0,32379.0,32232.0,32428.0,34552.0,34992.0,34957.0,41649.0
291070,EUCLIDES DA CUNHA,29,0.0,0.0,0.0,0.0,2160.0,14394.0,22013.0,27788.0,33339.0
291072,EUNAPOLIS,29,31858.0,33934.0,32850.0,32412.0,32289.0,33103.0,34215.0,36017.0,38117.0
291080,FEIRA DE SANTANA,29,92800.0,91161.0,96169.0,94532.0,92831.0,88949.0,81103.0,80848.0,79900.0
291170,GUANAMBI,29,28339.0,29734.0,33682.0,35208.0,35520.0,34551.0,35637.0,36359.0,36805.0
291360,ILHEUS,29,25837.0,26749.0,28063.0,36028.0,37336.0,36776.0,34680.0,36799.0,38179.0
291460,IRECE,29,39.0,2.0,2.0,19136.0,34318.0,35402.0,37651.0,37372.0,34944.0
291470,ITABERABA,29,0.0,65.0,180.0,155.0,2018.0,23791.0,25992.0,27545.0,26325.0
291480,ITABUNA,29,35526.0,35078.0,37514.0,36718.0,35352.0,35004.0,35020.0,36849.0,39784.0
291640,ITAPETINGA,29,0.0,0.0,2.0,12.0,1790.0,22828.0,24468.0,23982.0,25607.0
291750,JACOBINA,29,16886.0,16676.0,17558.0,21233.0,26528.0,29120.0,29534.0,29909.0,33580.0
291800,JEQUIE,29,36886.0,40320.0,41967.0,42393.0,41537.0,42204.0,41751.0,42091.0,44235.0
291840,JUAZEIRO,29,36493.0,42847.0,46089.0,49722.0,52386.0,61042.0,66392.0,69963.0,75745.0
291920,LAURO DE FREITAS,29,18215.0,17767.0,16427.0,23858.0,23261.0,25360.0,23642.0,26956.0,25774.0
292400,PAULO AFONSO,29,32405.0,33116.0,35813.0,39176.0,40761.0,45571.0,49543.0,53683.0,55692.0
292530,PORTO SEGURO,29,0.0,0.0,10.0,5.0,8.0,0.0,0.0,0.0,0.0
292660,RIBEIRA DO POMBAL,29,18677.0,22007.0,25596.0,27543.0,28426.0,26719.0,26814.0,26088.0,29602.0
292740,SALVADOR,29,248882.0,245904.0,239534.0,233518.0,232181.0,228875.0,223404.0,224501.0,229026.0
292860,SANTO AMARO,29,0.0,0.0,0.0,0.0,0.0,4.0,53.0,46.0,19963.0
292870,SANTO ANTONIO DE JESUS,29,31089.0,26764.0,29322.0,32263.0,36703.0,38234.0,33238.0,36046.0,37627.0
292880,SANTO ESTEVAO,29,0.0,0.0,0.0,0.0,0.0,0.0,30.0,1190.0,13511.0
292990,SEABRA,29,0.0,0.0,0.0,0.0,0.0,0.0,0.0,0.0,0.0
293010,SENHOR DO BONFIM,29,29777.0,31168.0,31594.0,31440.0,31920.0,31689.0,31308.0,32137.0,32274.0
293050,SERRINHA,29,28142.0,29751.0,31179.0,33614.0,35071.0,32063.0,31330.0,32543.0,34197.0
293135,TEIXEIRA DE FREITAS,29,0.0,0.0,0.0,0.0,2432.0,31976.0,32683.0,33365.0,35173.0
293290,VALENCA,29,20230.0,27067.0,29733.0,32499.0,33062.0,34479.0,35426.0,34400.0,36219.0
293330,VITORIA DA CONQUISTA,29,68050.0,69310.0,62766.0,66616.0,68596.0,70693.0,76966.0,78440.0,76638.0
310160,ALFENAS,31,39948.0,41122.0,40364.0,41109.0,41140.0,46827.0,50242.0,49749.0,49371.0
310350,ARAGUARI,31,13977.0,13908.0,15088.0,15817.0,15143.0,16438.0,17285.0,17963.0,19847.0
310400,ARAXA,31,19029.0,20303.0,20598.0,21701.0,23477.0,24715.0,24240.0,23465.0,23433.0
310560,BARBACENA,31,23445.0,23330.0,24906.0,25309.0,24320.0,25361.0,25089.0,23919.0,26139.0
310620,BELO HORIZONTE,31,344592.0,360134.0,351557.0,344558.0,352346.0,362954.0,359261.0,357849.0,370560.0
310670,BETIM,31,30918.0,32483.0,34183.0,61126.0,68214.0,69230.0,69537.0,72024.0,75149.0
310740,BOM DESPACHO,31,17310.0,18621.0,20048.0,20154.0,20572.0,21309.0,21738.0,21379.0,20946.0
310860,BRASILIA DE MINAS,31,23026.0,25900.0,29393.0,30574.0,30832.0,30900.0,32512.0,34688.0,37697.0
311120,CAMPO BELO,31,18710.0,21046.0,22789.0,23182.0,24734.0,26190.0,25530.0,25246.0,20331.0
311330,CARANGOLA,31,12424.0,13348.0,14711.0,16515.0,15314.0,15160.0,15504.0,16493.0,16613.0
311340,CARATINGA,31,26086.0,25759.0,26644.0,29908.0,31897.0,31261.0,29504.0,29904.0,29839.0
311530,CATAGUASES,31,10864.0,11193.0,11032.0,11990.0,12213.0,11727.0,11564.0,11908.0,12315.0
311830,CONSELHEIRO LAFAIETE,31,23643.0,19978.0,20822.0,23476.0,24531.0,24469.0,22926.0,21409.0,23121.0
311860,CONTAGEM,31,92118.0,93152.0,92579.0,80350.0,85752.0,92263.0,91096.0,87385.0,91981.0
312090,CURVELO,31,20181.0,20824.0,21881.0,23912.0,29050.0,33553.0,34740.0,34627.0,34120.0
312160,DIAMANTINA,31,13182.0,15054.0,16995.0,16900.0,17646.0,18509.0,20962.0,20523.0,17445.0
312230,DIVINOPOLIS,31,31610.0,31434.0,31355.0,31200.0,31697.0,31663.0,32441.0,32576.0,31563.0
312510,EXTREMA,31,14644.0,17303.0,17275.0,18118.0,18932.0,19808.0,18706.0,19290.0,19386.0
312610,FORMIGA,31,24225.0,23785.0,23904.0,24607.0,27179.0,28933.0,28849.0,31030.0,32410.0
312710,FRUTAL,31,6472.0,7522.0,9465.0,10232.0,10244.0,10359.0,12547.0,13972.0,15328.0
312770,GOVERNADOR VALADARES,31,56289.0,58748.0,62420.0,66438.0,68053.0,73398.0,70456.0,71570.0,75587.0
312870,GUAXUPE,31,16439.0,17877.0,17321.0,17453.0,17949.0,18260.0,18993.0,18900.0,20866.0
313130,IPATINGA,31,45540.0,49223.0,50153.0,51993.0,52347.0,49950.0,48414.0,39102.0,32931.0
313170,ITABIRA,31,22438.0,23285.0,24759.0,28400.0,28875.0,30381.0,30798.0,32055.0,32998.0
313240,ITAJUBA,31,22273.0,24459.0,26058.0,26822.0,26123.0,24331.0,24488.0,26908.0,27793.0
313330,ITAOBIM,31,19047.0,21728.0,22627.0,23322.0,26304.0,27723.0,27577.0,27346.0,27288.0
313380,ITAUNA,31,16767.0,16807.0,17344.0,17514.0,16633.0,16603.0,16041.0,16350.0,15807.0
313420,ITUIUTABA,31,20766.0,21528.0,22033.0,22715.0,24606.0,28088.0,27774.0,26537.0,27188.0
313510,JANAUBA,31,24073.0,26764.0,26823.0,29607.0,31691.0,34815.0,35714.0,37687.0,39986.0
313520,JANUARIA,31,0.0,0.0,0.0,0.0,0.0,0.0,0.0,0.0,0.0
313620,JOAO MONLEVADE,31,24284.0,24333.0,24835.0,27423.0,28670.0,30374.0,30243.0,29330.0,28215.0
313630,JOAO PINHEIRO,31,0.0,0.0,0.0,0.0,0.0,0.0,0.0,0.0,0.0
313670,JUIZ DE FORA,31,61104.0,65763.0,67283.0,66231.0,66522.0,70641.0,69513.0,71226.0,76507.0
313820,LAVRAS,31,20942.0,22404.0,23154.0,24946.0,26711.0,28143.0,28142.0,29256.0,31420.0
313840,LEOPOLDINA,31,13714.0,16696.0,19802.0,23056.0,24793.0,25966.0,24300.0,23509.0,23053.0
313940,MANHUACU,31,30674.0,31528.0,31777.0,31895.0,33456.0,33813.0,32515.0,30932.0,34980.0
314000,MARIANA,31,14675.0,15512.0,15205.0,18856.0,21936.0,22929.0,25337.0,28008.0,29323.0
314180,MINAS NOVAS,31,0.0,0.0,0.0,0.0,0.0,0.0,0.0,1242.0,9888.0
314330,MONTES CLAROS,31,46507.0,47835.0,45963.0,49491.0,52451.0,54576.0,53778.0,53947.0,56151.0
314390,MURIAE,31,18065.0,18815.0,20106.0,20755.0,20304.0,19616.0,19104.0,18785.0,18680.0
314480,NOVA LIMA,31,14665.0,14460.0,14084.0,14593.0,16200.0,16271.0,15906.0,18462.0,18967.0
314520,NOVA SERRANA,31,0.0,0.0,0.0,0.0,0.0,0.0,0.0,4.0,699.0
314560,OLIVEIRA,31,0.0,0.0,0.0,0.0,0.0,0.0,0.0,0.0,4803.0
314700,PARACATU,31,6551.0,7216.0,6568.0,7239.0,6810.0,6434.0,7058.0,7307.0,7215.0
314710,PARA DE MINAS,31,10917.0,11175.0,11282.0,11404.0,11740.0,12068.0,12859.0,14540.0,14880.0
314790,PASSOS,31,39280.0,40076.0,42404.0,44932.0,44084.0,44135.0,43109.0,45106.0,43438.0
314800,PATOS DE MINAS,31,29625.0,30024.0,30358.0,30456.0,30793.0,32888.0,26495.0,30626.0,33190.0
314810,PATROCINIO,31,17525.0,20028.0,21009.0,20904.0,21361.0,21614.0,20776.0,20897.0,22482.0
315120,PIRAPORA,31,10474.0,11226.0,12409.0,12458.0,12051.0,12711.0,13034.0,10916.0,10637.0
315140,PITANGUI,31,0.0,7.0,1.0,2.0,0.0,0.0,0.0,0.0,0.0
315180,POCOS DE CALDAS,31,15057.0,14140.0,14016.0,14854.0,16084.0,16582.0,16753.0,17237.0,16385.0
315210,PONTE NOVA,31,23601.0,22725.0,24049.0,24267.0,22828.0,23532.0,23626.0,25749.0,27482.0
315250,POUSO ALEGRE,31,26206.0,26144.0,26540.0,26769.0,26594.0,30423.0,30620.0,32323.0,35924.0
315700,SALINAS,31,12193.0,12355.0,14293.0,14602.0,15203.0,16307.0,16782.0,18063.0,20651.0
316210,SAO GOTARDO,31,0.0,0.0,0.0,0.0,0.0,0.0,0.0,0.0,30.0
316250,SAO JOAO DEL REI,31,26585.0,27179.0,24882.0,25634.0,26036.0,26454.0,27419.0,28803.0,27298.0
316370,SAO LOURENCO,31,23290.0,25294.0,25871.0,25496.0,26054.0,28218.0,26590.0,24678.0,25924.0
316470,SAO SEBASTIAO DO PARAISO,31,15134.0,14197.0,14235.0,15557.0,17090.0,17500.0,18517.0,20305.0,22743.0
316720,SETE LAGOAS,31,28613.0,27488.0,27761.0,27507.0,28090.0,28954.0,29031.0,31604.0,35887.0
316860,TEOFILO OTONI,31,39044.0,42562.0,41111.0,42787.0,47027.0,51635.0,54601.0,54880.0,55207.0
316870,TIMOTEO,31,0.0,0.0,0.0,0.0,0.0,0.0,0.0,10091.0,17070.0
316930,TRES CORACOES,31,17097.0,16971.0,16690.0,17141.0,16916.0,15698.0,14308.0,13328.0,15058.0
316940,TRES PONTAS,31,0.0,0.0,0.0,0.0,0.0,0.0,0.0,0.0,0.0
316990,UBA,31,24416.0,23977.0,23647.0,24358.0,23565.0,22695.0,24359.0,22790.0,22779.0
317010,UBERABA,31,27071.0,29935.0,31710.0,32086.0,34593.0,36571.0,34756.0,32868.0,35203.0
317020,UBERLANDIA,31,68501.0,70442.0,72416.0,75496.0,80522.0,85258.0,83378.0,84759.0,89116.0
317040,UNAI,31,14118.0,14096.0,15596.0,14031.0,12842.0,13604.0,15876.0,16912.0,18924.0
317070,VARGINHA,31,23900.0,24317.0,26024.0,26375.0,27273.0,29511.0,28613.0,29213.0,29428.0
317130,VICOSA,31,15741.0,17057.0,17924.0,18776.0,20621.0,22514.0,23300.0,23384.0,24612.0
320060,ARACRUZ,32,0.0,0.0,0.0,0.0,0.0,0.0,0.0,0.0,0.0
320090,BARRA DE SAO FRANCISCO,32,0.0,0.0,0.0,0.0,0.0,0.0,0.0,0.0,0.0
320120,CACHOEIRO DE ITAPEMIRIM,32,34921.0,35365.0,33662.0,32811.0,33145.0,33888.0,31546.0,27593.0,28248.0
320130,CARIACICA,32,44316.0,48168.0,48187.0,50380.0,44923.0,43173.0,44169.0,44294.0,45322.0
320150,COLATINA,32,54376.0,55578.0,56346.0,57049.0,57728.0,56019.0,54597.0,53635.0,45413.0
320230,GUACUI,32,0.0,0.0,0.0,0.0,693.0,8623.0,10321.0,13462.0,13079.0
320240,GUARAPARI,32,13654.0,13995.0,14592.0,15285.0,16757.0,16776.0,16329.0,15753.0,16250.0
320320,LINHARES,32,26494.0,29024.0,27892.0,28007.0,28854.0,25444.0,25300.0,26821.0,25999.0
320490,SAO MATEUS,32,29505.0,29798.0,30131.0,29614.0,32590.0,33247.0,33202.0,32073.0,32655.0
320500,SERRA,32,44491.0,43472.0,39668.0,38099.0,35722.0,34798.0,42653.0,46208.0,43963.0
320520,VILA VELHA,32,20651.0,21243.0,21491.0,20291.0,20299.0,20544.0,45154.0,44927.0,55555.0
320530,VITORIA,32,39477.0,38400.0,34700.0,29762.0,20501.0,32244.0,30844.0,30481.0,30680.0
330010,ANGRA DOS REIS,33,20333.0,20814.0,23212.0,22394.0,23476.0,24009.0,24659.0,25910.0,28787.0
330020,ARARUAMA,33,19723.0,19988.0,20047.0,21837.0,24700.0,27268.0,26488.0,24794.0,23986.0
330023,ARMACAO DOS BUZIOS,33,0.0,0.0,0.0,0.0,0.0,0.0,0.0,0.0,0.0
330030,BARRA DO PIRAI,33,24430.0,24474.0,24427.0,20531.0,19424.0,17353.0,0.0,0.0,0.0
330040,BARRA MANSA,33,9310.0,9128.0,9621.0,9114.0,3804.0,0.0,4.0,2.0,36.0
330045,BELFORD ROXO,33,69087.0,68349.0,67119.0,68140.0,70141.0,68971.0,65091.0,66819.0,67625.0
330060,BOM JESUS DO ITABAPOANA,33,0.0,0.0,0.0,0.0,0.0,0.0,0.0,0.0,0.0
330070,CABO FRIO,33,25328.0,25489.0,24507.0,25951.0,26477.0,29392.0,28754.0,27666.0,29258.0
330100,CAMPOS DOS GOYTACAZES,33,54383.0,49628.0,47600.0,46774.0,48846.0,48735.0,46888.0,45115.0,51316.0
330170,DUQUE DE CAXIAS,33,84692.0,80541.0,79858.0,77770.0,77100.0,73872.0,68214.0,70748.0,73935.0
330190,ITABORAI,33,36739.0,33250.0,25290.0,29390.0,31391.0,29683.0,32510.0,33972.0,37278.0
330220,ITAPERUNA,33,24233.0,25786.0,24840.0,24798.0,23990.0,21255.0,23190.0,28229.0,24815.0
330227,JAPERI,33,20074.0,26326.0,27269.0,24307.0,19999.0,19614.0,21227.0,19784.0,28458.0
330240,MACAE,33,22132.0,21693.0,21032.0,19900.0,19362.0,18663.0,15749.0,15830.0,16004.0
330250,MAGE,33,27029.0,26628.0,27836.0,27255.0,27693.0,26456.0,25057.0,24471.0,24114.0
330320,NILOPOLIS,33,15361.0,18718.0,20315.0,20714.0,21143.0,22870.0,21839.0,20578.0,17870.0
330330,NITEROI,33,49238.0,47745.0,46203.0,43913.0,41433.0,42663.0,41626.0,41031.0,43337.0
330340,NOVA FRIBURGO,33,22186.0,21908.0,23122.0,23537.0,23743.0,23684.0,23026.0,23953.0,24277.0
330350,NOVA IGUACU,33,50767.0,50819.0,50553.0,48294.0,41385.0,46122.0,46811.0,43154.0,44516.0
330360,PARACAMBI,33,11138.0,899.0,0.0,0.0,0.0,0.0,0.0,0.0,0.0
330390,PETROPOLIS,33,22426.0,20789.0,20732.0,20652.0,21362.0,20144.0,18363.0,18581.0,17475.0
330400,PIRAI,33,0.0,0.0,0.0,0.0,0.0,0.0,0.0,0.0,1.0
330414,QUEIMADOS,33,37433.0,38401.0,39038.0,42788.0,46423.0,47059.0,45509.0,49303.0,50360.0
330420,RESENDE,33,6418.0,7359.0,7789.0,9140.0,8281.0,8591.0,8546.0,7958.0,10070.0
330430,RIO BONITO,33,20473.0,19104.0,21013.0,20708.0,22024.0,22995.0,23859.0,23920.0,24528.0
330455,RIO DE JANEIRO,33,463254.0,455989.0,445451.0,440203.0,436784.0,439614.0,419467.0,421856.0,439330.0
330470,SANTO ANTONIO DE PADUA,33,18974.0,19102.0,19259.0,19641.0,20298.0,20362.0,20525.0,20087.0,20578.0
330490,SAO GONCALO,33,78600.0,78135.0,81807.0,81954.0,83591.0,81770.0,75477.0,78238.0,78755.0
330510,SAO JOAO DE MERITI,33,48873.0,46940.0,50093.0,49675.0,49221.0,46236.0,42583.0,42626.0,45537.0
330580,TERESOPOLIS,33,0.0,0.0,0.0,913.0,16848.0,20489.0,20530.0,20714.0,20249.0
330600,TRES RIOS,33,21279.0,22089.0,20955.0,19951.0,18208.0,18025.0,17713.0,19294.0,20973.0
330610,VALENCA,33,17797.0,18154.0,17835.0,17328.0,17914.0,17190.0,18077.0,17261.0,17338.0
330620,VASSOURAS,33,8351.0,8467.0,8391.0,8669.0,9527.0,9810.0,10257.0,10448.0,10203.0
330630,VOLTA REDONDA,33,7389.0,6846.0,5920.0,16950.0,23761.0,28864.0,30164.0,32963.0,38021.0
350010,ADAMANTINA,35,9820.0,10454.0,11334.0,11621.0,11800.0,11946.0,11913.0,11191.0,10807.0
350160,AMERICANA,35,14721.0,13555.0,12335.0,12039.0,11681.0,11556.0,11602.0,10981.0,11749.0
350170,AMERICO BRASILIENSE,35,2.0,7.0,8.0,10.0,9.0,4.0,4.0,15.0,17.0
350190,AMPARO,35,14184.0,15351.0,14654.0,15553.0,17182.0,18204.0,17252.0,16507.0,17096.0
350210,ANDRADINA,35,0.0,0.0,0.0,0.0,0.0,0.0,0.0,0.0,0.0
350280,ARACATUBA,35,25870.0,29743.0,35910.0,41581.0,42307.0,44707.0,45576.0,46261.0,46210.0
350320,ARARAQUARA,35,31905.0,32209.0,33875.0,35151.0,35710.0,36525.0,35811.0,34865.0,37443.0
350330,ARARAS,35,9917.0,10772.0,11587.0,12114.0,12523.0,13459.0,14310.0,14553.0,14820.0
350400,ASSIS,35,17604.0,17189.0,16823.0,16909.0,17105.0,17867.0,17980.0,17991.0,18368.0
350450,AVARE,35,14113.0,15893.0,17016.0,17759.0,18857.0,19299.0,19450.0,19833.0,20385.0
350550,BARRETOS,35,20506.0,21198.0,21995.0,24771.0,26845.0,27492.0,27735.0,26435.0,26158.0
350570,BARUERI,35,13885.0,14595.0,16440.0,17904.0,23133.0,33485.0,31631.0,34291.0,38875.0
350590,BATATAIS,35,14379.0,16430.0,17145.0,17606.0,19741.0,19649.0,19005.0,18024.0,18412.0
350600,BAURU,35,48010.0,50831.0,51155.0,51829.0,50705.0,50533.0,51230.0,51654.0,51648.0
350610,BEBEDOURO,35,18578.0,20259.0,22387.0,23935.0,25099.0,26982.0,28932.0,28848.0,27285.0
350750,BOTUCATU,35,31047.0,31340.0,32421.0,32876.0,32179.0,32799.0,34022.0,33302.0,32476.0
350760,BRAGANCA PAULISTA,35,52048.0,46938.0,44516.0,45100.0,45268.0,48217.0,44271.0,43949.0,39417.0
350950,CAMPINAS,35,106414.0,116497.0,121961.0,127193.0,123156.0,122713.0,120859.0,115203.0,125813.0
350960,CAMPO LIMPO PAULISTA,35,0.0,0.0,0.0,5526.0,17280.0,21749.0,24883.0,26805.0,29307.0
351050,CARAGUATATUBA,35,0.0,0.0,5762.0,23835.0,26843.0,29391.0,31302.0,32835.0,33817.0
351060,CARAPICUIBA,35,30763.0,22769.0,18206.0,18121.0,18513.0,18924.0,18026.0,18682.0,18252.0
351110,CATANDUVA,35,11207.0,11909.0,12347.0,12601.0,14483.0,15059.0,14061.0,14446.0,14535.0
351340,CRUZEIRO,35,9158.0,8912.0,8566.0,9438.0,10144.0,10518.0,9589.0,9448.0,3844.0
351350,CUBATAO,35,0.0,0.0,0.0,0.0,0.0,0.0,0.0,0.0,460.0
351380,DIADEMA,35,42842.0,46482.0,48513.0,51545.0,53499.0,52786.0,48979.0,50880.0,51824.0
351440,DRACENA,35,13840.0,13799.0,13880.0,14724.0,15087.0,14705.0,14751.0,14860.0,15152.0
351500,EMBU DAS ARTES,35,0.0,0.0,0.0,0.0,0.0,0.0,9009.0,23095.0,29604.0
351550,FERNANDOPOLIS,35,27309.0,29172.0,30566.0,30923.0,30755.0,31444.0,34754.0,35814.0,35894.0
351620,FRANCA,35,41411.0,42291.0,43853.0,45358.0,49634.0,53908.0,55670.0,53948.0,59932.0
351630,FRANCISCO MORATO,35,0.0,0.0,0.0,0.0,0.0,0.0,17531.0,21638.0,27343.0
351640,FRANCO DA ROCHA,35,27028.0,26995.0,27700.0,27994.0,28526.0,28834.0,30222.0,31577.0,35706.0
351840,GUARATINGUETA,35,16404.0,12543.0,13071.0,13420.0,16514.0,16504.0,16422.0,15268.0,16855.0
351870,GUARUJA,35,20595.0,22098.0,20871.0,21684.0,21682.0,21287.0,19823.0,19655.0,20288.0
351880,GUARULHOS,35,88754.0,90949.0,88489.0,88647.0,91748.0,97206.0,97433.0,97167.0,99316.0
351907,HORTOLANDIA,35,0.0,0.0,0.0,0.0,16092.0,23133.0,21883.0,22717.0,25364.0
352044,ILHA SOLTEIRA,35,12574.0,12218.0,10868.0,10787.0,11322.0,11795.0,10611.0,9736.0,9789.0
352050,INDAIATUBA,35,12574.0,14123.0,13595.0,13370.0,13970.0,17449.0,17549.0,17205.0,18127.0
352220,ITAPECERICA DA SERRA,35,19583.0,22633.0,25422.0,25710.0,28174.0,30876.0,30958.0,29553.0,29936.0
352230,ITAPETININGA,35,28154.0,28874.0,28628.0,28286.0,28628.0,28597.0,27981.0,19378.0,34225.0
352240,ITAPEVA,35,23250.0,23722.0,23634.0,25445.0,28142.0,28587.0,28831.0,28998.0,28792.0
352250,ITAPEVI,35,0.0,0.0,0.0,0.0,0.0,0.0,0.0,0.0,14588.0
352260,ITAPIRA,35,0.0,0.0,0.0,0.0,0.0,0.0,0.0,0.0,0.0
352310,ITAQUAQUECETUBA,35,0.0,0.0,0.0,0.0,0.0,0.0,0.0,0.0,0.0
352340,ITATIBA,35,0.0,0.0,0.0,7403.0,11285.0,11712.0,11939.0,11764.0,11796.0
352390,ITU,35,30012.0,32573.0,36182.0,52259.0,76763.0,83404.0,78567.0,41902.0,41966.0
352410,ITUVERAVA,35,17994.0,18441.0,15923.0,15893.0,15696.0,17290.0,15984.0,15019.0,17265.0
352430,JABOTICABAL,35,15595.0,17014.0,17258.0,17723.0,19015.0,21156.0,20464.0,20265.0,19977.0
352440,JACAREI,35,13404.0,15283.0,17550.0,20032.0,21904.0,22086.0,21783.0,21460.0,21602.0
352530,JAU,35,18186.0,19679.0,20004.0,20836.0,23305.0,25350.0,25683.0,24334.0,25960.0
352590,JUNDIAI,35,37847.0,38507.0,40147.0,39038.0,39237.0,39563.0,33337.0,29116.0,24353.0
352670,LEME,35,10612.0,9076.0,10105.0,9576.0,12337.0,15568.0,16370.0,18128.0,19541.0
352690,LIMEIRA,35,15159.0,16300.0,16602.0,17132.0,19564.0,20666.0,20297.0,21447.0,21437.0
352900,MARILIA,35,26443.0,27661.0,27717.0,28560.0,29961.0,31111.0,30328.0,31562.0,33621.0
352930,MATAO,35,12069.0,13567.0,15169.0,19666.0,22195.0,22552.0,22348.0,23075.0,22381.0
352940,MAUA,35,3046.0,0.0,0.0,0.0,0.0,0.0,0.0,0.0,0.0
353060,MOGI DAS CRUZES,35,30558.0,30246.0,29427.0,29870.0,32714.0,42729.0,43295.0,42536.0,42960.0
353080,MOGI MIRIM,35,23259.0,25505.0,26939.0,27106.0,26824.0,27746.0,26012.0,26599.0,26239.0
353390,OLIMPIA,35,0.0,0.0,0.0,0.0,0.0,0.0,0.0,0.0,1745.0
353440,OSASCO,35,50995.0,48935.0,44433.0,42929.0,48262.0,47586.0,46521.0,50288.0,52107.0
353470,OURINHOS,35,15726.0,15521.0,15905.0,16173.0,16671.0,18253.0,18911.0,19992.0,21981.0
353620,PARIQUERA-ACU,35,20438.0,23118.0,25309.0,25558.0,26254.0,26643.0,28115.0,31021.0,31367.0
353800,PINDAMONHANGABA,35,22380.0,22622.0,22464.0,23630.0,24754.0,25493.0,23407.0,23490.0,26972.0
353870,PIRACICABA,35,36893.0,35187.0,35064.0,34387.0,34091.0,33401.0,37666.0,37985.0,38105.0
353930,PIRASSUNUNGA,35,0.0,0.0,0.0,0.0,0.0,0.0,916.0,5996.0,7660.0
354100,PRAIA GRANDE,35,0.0,9.0,1509.0,19139.0,19636.0,25407.0,26186.0,27441.0,28149.0
354130,PRESIDENTE EPITACIO,35,0.0,0.0,0.0,0.0,0.0,0.0,0.0,1405.0,8242.0
354140,PRESIDENTE PRUDENTE,35,43142.0,41082.0,43569.0,46594.0,45331.0,45561.0,46181.0,43505.0,41254.0
354160,PROMISSAO,35,13947.0,16543.0,17963.0,17799.0,17591.0,17544.0,16248.0,15500.0,16649.0
354340,RIBEIRAO PRETO,35,91166.0,94882.0,97530.0,103998.0,107063.0,108195.0,107268.0,105149.0,109699.0
354390,RIO CLARO,35,15053.0,14117.0,14097.0,15104.0,16279.0,16362.0,15201.0,15147.0,15431.0
354580,SANTA BARBARA D'OESTE,35,19972.0,19875.0,18517.0,17628.0,17589.0,16433.0,15367.0,15771.0,16765.0
354730,SANTANA DE PARNAIBA,35,22076.0,24533.0,25841.0,25564.0,28595.0,28651.0,27430.0,29817.0,28226.0
354780,SANTO ANDRE,35,37678.0,35658.0,37313.0,40813.0,41277.0,41280.0,42102.0,42581.0,47041.0
354850,SANTOS,35,38969.0,37620.0,39834.0,39758.0,41394.0,42334.0,39640.0,36043.0,42141.0
354870,SAO BERNARDO DO CAMPO,35,45376.0,49186.0,48064.0,51632.0,52696.0,52635.0,52473.0,50668.0,49829.0
354880,SAO CAETANO DO SUL,35,32217.0,33222.0,31395.0,33802.0,35143.0,39520.0,39051.0,31768.0,31011.0
354890,SAO CARLOS,35,20515.0,22064.0,21164.0,21936.0,23875.0,26212.0,26434.0,28209.0,27515.0
354910,SAO JOAO DA BOA VISTA,35,34905.0,35943.0,37644.0,39525.0,39161.0,42013.0,40421.0,38319.0,39271.0
354940,SAO JOAQUIM DA BARRA,35,0.0,0.0,2822.0,11451.0,14574.0,13845.0,12542.0,11896.0,11863.0
354970,SAO JOSE DO RIO PARDO,35,9064.0,10819.0,10452.0,13070.0,14598.0,15442.0,16190.0,18031.0,20310.0
354980,SAO JOSE DO RIO PRETO,35,67623.0,72003.0,73821.0,73159.0,75283.0,79162.0,73785.0,73143.0,82096.0
354990,SAO JOSE DOS CAMPOS,35,42443.0,47059.0,51035.0,51406.0,51744.0,52880.0,45906.0,51375.0,55261.0
355030,SAO PAULO,35,981936.0,1004704.0,1014049.0,1010720.0,1037699.0,1049898.0,1024378.0,1037539.0,1047357.0
355060,SAO ROQUE,35,15871.0,16013.0,16139.0,22556.0,6146.0,0.0,0.0,0.0,0.0
355070,SAO SEBASTIAO,35,18435.0,14711.0,0.0,0.0,0.0,0.0,0.0,0.0,0.0
355100,SAO VICENTE,35,19593.0,17792.0,17648.0,15637.0,15545.0,14150.0,15599.0,18117.0,15864.0
355150,SERRANA,35,0.0,0.0,0.0,0.0,0.0,6.0,9.0,1.0,0.0
355170,SERTAOZINHO,35,25263.0,25268.0,28143.0,28345.0,31843.0,30509.0,30641.0,30855.0,25514.0
355220,SOROCABA,35,59112.0,55385.0,54440.0,54077.0,53043.0,51260.0,51102.0,92452.0,105079.0
355240,SUMARE,35,43532.0,46939.0,51531.0,64090.0,63779.0,64036.0,59052.0,56926.0,67327.0
355250,SUZANO,35,30422.0,29056.0,26809.0,27005.0,29556.0,35728.0,37223.0,52111.0,54007.0
355280,TABOAO DA SERRA,35,50190.0,54015.0,54484.0,53944.0,54163.0,63937.0,61708.0,60112.0,69668.0
355410,TAUBATE,35,54362.0,59501.0,64056.0,65854.0,64711.0,69775.0,70539.0,69934.0,66353.0
355500,TUPA,35,13075.0,13243.0,13651.0,14943.0,15269.0,16624.0,18367.0,18742.0,18213.0
355710,VOTUPORANGA,35,24707.0,26123.0,28422.0,29204.0,32045.0,36015.0,35883.0,38183.0,40968.0
410140,APUCARANA,41,16819.0,17604.0,19896.0,21958.0,23142.0,22341.0,22490.0,22948.0,21771.0
410150,ARAPONGAS,41,11243.0,11073.0,10876.0,12030.0,12091.0,12126.0,12274.0,13661.0,15225.0
410180,ARAUCARIA,41,0.0,0.0,0.0,0.0,0.0,0.0,0.0,10591.0,14562.0
410400,CAMPINA GRANDE DO SUL,41,19925.0,20796.0,24423.0,23486.0,25844.0,25533.0,25089.0,26226.0,27267.0
410420,CAMPO LARGO,41,13103.0,15153.0,16471.0,16937.0,20623.0,21948.0,16737.0,16729.0,18155.0
410430,CAMPO MOURAO,41,19330.0,19549.0,19185.0,22453.0,24271.0,27411.0,30083.0,30599.0,30829.0
410480,CASCAVEL,41,25677.0,25369.0,25176.0,27227.0,29207.0,28795.0,28424.0,29907.0,29096.0
410490,CASTRO,41,6828.0,8318.0,10765.0,11949.0,12314.0,12777.0,13108.0,13168.0,6204.0
410550,CIANORTE,41,12070.0,12269.0,11641.0,10522.0,10604.0,11382.0,13142.0,12761.0,13817.0
410580,COLOMBO,41,0.0,0.0,0.0,8265.0,13034.0,17143.0,17217.0,18981.0,22385.0
410590,COLORADO,41,0.0,0.0,0.0,0.0,0.0,0.0,6469.0,9136.0,8824.0
410640,CORNELIO PROCOPIO,41,39686.0,39628.0,38854.0,39344.0,41220.0,42821.0,40550.0,38103.0,37766.0
410690,CURITIBA,41,113907.0,109854.0,111725.0,113940.0,114714.0,122808.0,119954.0,118508.0,129322.0
410830,FOZ DO IGUACU,41,32999.0,36636.0,38199.0,40654.0,44215.0,47237.0,47569.0,50995.0,52424.0
410840,FRANCISCO BELTRAO,41,13617.0,13115.0,14450.0,14311.0,14396.0,15551.0,15183.0,16136.0,17041.0
410940,GUARAPUAVA,41,25730.0,25461.0,24839.0,24847.0,25820.0,27046.0,27801.0,27682.0,28417.0
411070,IRATI,41,11796.0,11232.0,11555.0,12514.0,12312.0,12637.0,13320.0,13231.0,13995.0
411150,IVAIPORA,41,17666.0,18891.0,18634.0,18572.0,18657.0,20688.0,21330.0,21223.0,20492.0
411370,LONDRINA,41,63209.0,60333.0,63544.0,65269.0,73108.0,82356.0,88145.0,83643.0,85796.0
411520,MARINGA,41,51574.0,54787.0,55467.0,58238.0,62248.0,60654.0,55514.0,56709.0,60040.0
411580,MEDIANEIRA,41,0.0,0.0,0.0,0.0,0.0,0.0,0.0,0.0,0.0
411820,PARANAGUA,41,12160.0,14314.0,15291.0,15525.0,16067.0,15998.0,15602.0,19376.0,21482.0
411840,PARANAVAI,41,29521.0,29388.0,29718.0,29582.0,30521.0,30553.0,32129.0,32809.0,32140.0
411850,PATO BRANCO,41,10536.0,10541.0,9026.0,11011.0,11683.0,11774.0,12941.0,15082.0,16308.0
411990,PONTA GROSSA,41,24668.0,23246.0,25527.0,25875.0,25850.0,25355.0,23382.0,24979.0,29713.0
412240,ROLANDIA,41,0.0,0.0,3762.0,15275.0,15462.0,15922.0,19425.0,27709.0,33221.0
412410,SANTO ANTONIO DA PLATINA,41,20408.0,21842.0,23032.0,24416.0,27130.0,28216.0,29377.0,29357.0,30207.0
412550,SAO JOSE DOS PINHAIS,41,15545.0,17612.0,19099.0,23244.0,25680.0,25842.0,23853.0,25109.0,25682.0
412710,TELEMACO BORBA,41,12369.0,11078.0,10432.0,10136.0,10015.0,9508.0,8243.0,6559.0,11100.0
412770,TOLEDO,41,15728.0,16419.0,17474.0,18443.0,20017.0,21355.0,22174.0,21972.0,22583.0
412810,UMUARAMA,41,19751.0,20938.0,22911.0,24772.0,26565.0,25688.0,26841.0,26450.0,26275.0
412820,UNIAO DA VITORIA,41,6812.0,6243.0,7706.0,8769.0,10764.0,11816.0,12085.0,11698.0,11513.0
420140,ARARANGUA,42,7557.0,8156.0,8444.0,9932.0,9040.0,9556.0,7909.0,8855.0,10108.0
420200,BALNEARIO CAMBORIU,42,15037.0,17793.0,18844.0,21682.0,24592.0,26886.0,27734.0,31939.0,32971.0
420240,BLUMENAU,42,18343.0,19843.0,19232.0,19718.0,20115.0,22957.0,23520.0,24655.0,27302.0
420290,BRUSQUE,42,10683.0,10411.0,11553.0,12935.0,13797.0,14535.0,15592.0,16225.0,19061.0
420420,CHAPECO,42,25080.0,24479.0,25010.0,23916.0,24703.0,25697.0,25275.0,25221.0,24340.0
420430,CONCORDIA,42,6542.0,7179.0,7605.0,7794.0,7554.0,8052.0,7471.0,7843.0,7858.0
420460,CRICIUMA,42,25728.0,28396.0,30556.0,31625.0,30787.0,30534.0,28963.0,27222.0,28144.0
420480,CURITIBANOS,42,6402.0,6320.0,6610.0,6550.0,6110.0,5254.0,5238.0,6001.0,6181.0
420540,FLORIANOPOLIS,42,22905.0,24611.0,26892.0,29675.0,32618.0,33433.0,34021.0,34803.0,33710.0
420820,ITAJAI,42,17819.0,19838.0,20529.0,21404.0,26549.0,29499.0,31654.0,37441.0,42684.0
420890,JARAGUA DO SUL,42,11067.0,11932.0,11698.0,12774.0,13184.0,12805.0,13184.0,13344.0,15082.0
420900,JOACABA,42,10029.0,9897.0,11248.0,11431.0,11306.0,953.0,0.0,0.0,0.0
420910,JOINVILLE,42,47135.0,48377.0,50586.0,53471.0,54876.0,53447.0,48045.0,49034.0,55709.0
420930,LAGES,42,15614.0,17014.0,18822.0,18000.0,21835.0,23844.0,23908.0,26111.0,29171.0
421003,LUZERNA,42,0.0,0.0,0.0,0.0,0.0,0.0,10037.0,10554.0,11233.0
421010,MAFRA,42,15558.0,15551.0,14755.0,15909.0,15584.0,14605.0,15565.0,15068.0,14756.0
421480,RIO DO SUL,42,17364.0,18573.0,20619.0,21191.0,21101.0,22954.0,24256.0,24141.0,24812.0
421580,SAO BENTO DO SUL,42,12516.0,13974.0,15942.0,17366.0,18219.0,18347.0,17611.0,17420.0,18572.0
421660,SAO JOSE,42,12806.0,13343.0,12255.0,11096.0,11256.0,11996.0,12392.0,12789.0,13182.0
421720,SAO MIGUEL DO OESTE,42,14947.0,15016.0,15874.0,16182.0,15951.0,17007.0,17267.0,17272.0,17079.0
421820,TIMBO,42,8948.0,8684.0,9294.0,10215.0,11835.0,13112.0,13395.0,14553.0,16210.0
421870,TUBARAO,42,18101.0,19793.0,22170.0,24949.0,26472.0,29022.0,28450.0,29790.0,30644.0
421930,VIDEIRA,42,9203.0,8377.0,9381.0,9838.0,9290.0,9016.0,8973.0,10112.0,11312.0
421950,XANXERE,42,8758.0,7864.0,6932.0,7959.0,8036.0,8691.0,8025.0,8508.0,9620.0
430040,ALEGRETE,43,7527.0,8076.0,8123.0,7900.0,8603.0,9395.0,9721.0,8456.0,8577.0
430060,ALVORADA,43,16313.0,17651.0,19601.0,20892.0,20656.0,20347.0,20344.0,20607.0,20411.0
430160,BAGE,43,13623.0,15086.0,15022.0,13092.0,13230.0,12698.0,12612.0,13373.0,14345.0
430210,BENTO GONCALVES,43,6781.0,6652.0,6636.0,6718.0,7060.0,7393.0,6170.0,5780.0,6403.0
430300,CACHOEIRA DO SUL,43,18320.0,18595.0,18846.0,18674.0,18618.0,19112.0,18756.0,17360.0,16378.0
430310,CACHOEIRINHA,43,20689.0,20294.0,18832.0,18188.0,21644.0,23001.0,22811.0,20828.0,18756.0
430350,CAMAQUA,43,9368.0,10080.0,11461.0,11852.0,11678.0,11278.0,10291.0,10218.0,10774.0
430390,CAMPO BOM,43,13881.0,14132.0,13791.0,14225.0,15769.0,18380.0,19949.0,18614.0,18422.0
430440,CANELA,43,1624.0,0.0,0.0,0.0,0.0,0.0,0.0,0.0,0.0
430460,CANOAS,43,21336.0,19875.0,20226.0,20035.0,15190.0,10704.0,13836.0,14007.0,20106.0
430470,CARAZINHO,43,7568.0,7764.0,8837.0,9181.0,9007.0,9640.0,10108.0,11106.0,10302.0
430510,CAXIAS DO SUL,43,25845.0,26429.0,25449.0,25097.0,27268.0,28723.0,28984.0,29364.0,28417.0
430610,CRUZ ALTA,43,12011.0,11909.0,11732.0,11515.0,12015.0,13872.0,14326.0,13294.0,13227.0
430700,ERECHIM,43,8097.0,8724.0,9235.0,9842.0,9729.0,10028.0,10231.0,9953.0,12636.0
430770,ESTEIO,43,14779.0,14747.0,13088.0,13112.0,13211.0,11098.0,4720.0,4949.0,5418.0
430780,ESTRELA,43,2209.0,0.0,0.0,0.0,0.0,0.0,0.0,1464.0,10151.0
430850,FREDERICO WESTPHALEN,43,11657.0,8885.0,11405.0,11930.0,12477.0,13354.0,13945.0,13861.0,13823.0
430920,GRAVATAI,43,19806.0,20490.0,20430.0,20373.0,20973.0,21771.0,21260.0,22593.0,21878.0
430930,GUAIBA,43,10954.0,8605.0,6283.0,9274.0,11769.0,12123.0,15727.0,18068.0,14703.0
431020,IJUI,43,13671.0,13031.0,12540.0,13219.0,13982.0,16780.0,19646.0,20047.0,20758.0
431060,ITAQUI,43,2738.0,2933.0,2696.0,2977.0,3420.0,3037.0,3453.0,3451.0,3166.0
431140,LAJEADO,43,11842.0,13907.0,14819.0,15991.0,16727.0,18210.0,18791.0,19458.0,13075.0
431240,MONTENEGRO,43,12972.0,13071.0,14511.0,14783.0,15145.0,16127.0,15135.0,15333.0,16981.0
431330,NOVA PRATA,43,5275.0,5137.0,4660.0,5591.0,5728.0,5324.0,6314.0,6729.0,7560.0
431340,NOVO HAMBURGO,43,18471.0,19875.0,19776.0,19345.0,18578.0,18775.0,17213.0,16751.0,18376.0
431350,OSORIO,43,22804.0,22970.0,22415.0,21996.0,22453.0,22818.0,23602.0,25192.0,24326.0
431410,PASSO FUNDO,43,28229.0,28807.0,27890.0,30663.0,33698.0,34594.0,36623.0,38682.0,42047.0
431440,PELOTAS,43,42163.0,42707.0,43318.0,42050.0,41333.0,42826.0,44601.0,44313.0,46640.0
431490,PORTO ALEGRE,43,149514.0,147839.0,147310.0,145297.0,144636.0,141013.0,135399.0,139388.0,143373.0
431560,RIO GRANDE,43,23634.0,23037.0,21203.0,20606.0,22846.0,24087.0,24997.0,26146.0,24571.0
431640,ROSARIO DO SUL,43,6209.0,5583.0,6279.0,6256.0,7140.0,6889.0,5873.0,6528.0,7328.0
431680,SANTA CRUZ DO SUL,43,14751.0,13445.0,14790.0,15833.0,17036.0,17931.0,18383.0,19286.0,19281.0
431690,SANTA MARIA,43,31950.0,33922.0,34763.0,35793.0,36028.0,37472.0,37766.0,40412.0,42945.0
431710,SANT'ANA DO LIVRAMENTO,43,7631.0,7601.0,7374.0,7470.0,7957.0,7862.0,8281.0,8226.0,9930.0
431720,SANTA ROSA,43,10695.0,10572.0,10719.0,12618.0,12150.0,13337.0,15834.0,15321.0,16710.0
431740,SANTIAGO,43,3356.0,4460.0,4274.0,4164.0,4233.0,4380.0,4690.0,5936.0,6192.0
431750,SANTO ANGELO,43,24266.0,23075.0,22006.0,23905.0,27258.0,26056.0,24019.0,23188.0,23551.0
431800,SAO BORJA,43,6845.0,7201.0,7284.0,7790.0,8300.0,8832.0,8585.0,8038.0,7270.0
431830,SAO GABRIEL,43,6306.0,6069.0,6207.0,5733.0,6007.0,5946.0,5805.0,4762.0,6032.0
431870,SAO LEOPOLDO,43,16417.0,16227.0,15922.0,16212.0,16583.0,16345.0,16679.0,17284.0,17426.0
431880,SAO LOURENCO DO SUL,43,4172.0,4377.0,3984.0,4322.0,4025.0,4300.0,4757.0,4035.0,3585.0
432000,SAPUCAIA DO SUL,43,0.0,0.0,0.0,191.0,4905.0,7615.0,9099.0,7504.0,5620.0
432080,SOLEDADE,43,6249.0,6400.0,6541.0,6654.0,6086.0,6151.0,6345.0,6788.0,6382.0
432120,TAQUARA,43,14812.0,16561.0,16942.0,16924.0,16932.0,17551.0,16623.0,15238.0,14643.0
432150,TORRES,43,7671.0,8539.0,9032.0,10785.0,14280.0,17498.0,19566.0,19100.0,17092.0
432190,TRES PASSOS,43,0.0,0.0,0.0,0.0,0.0,0.0,0.0,0.0,0.0
432240,URUGUAIANA,43,6177.0,6506.0,6796.0,5416.0,6323.0,7436.0,7493.0,8272.0,7255.0
432250,VACARIA,43,11572.0,12295.0,12826.0,11973.0,12450.0,13583.0,12970.0,12814.0,13319.0
432260,VENANCIO AIRES,43,9517.0,9407.0,9771.0,10470.0,11154.0,13033.0,12368.0,11618.0,9957.0
432300,VIAMAO,43,10521.0,10871.0,11467.0,12674.0,12596.0,12081.0,12491.0,12114.0,12971.0
500110,AQUIDAUANA,50,11434.0,13050.0,14011.0,14256.0,14811.0,14991.0,15105.0,15574.0,15511.0
500190,BATAGUASSU,50,0.0,0.0,0.0,0.0,0.0,0.0,0.0,0.0,0.0
500270,CAMPO GRANDE,50,114843.0,112967.0,114972.0,117851.0,123045.0,133288.0,131072.0,133092.0,148845.0
500320,CORUMBA,50,10772.0,11318.0,12607.0,15355.0,16934.0,18910.0,20057.0,19871.0,18898.0
500325,COSTA RICA,50,0.0,0.0,0.0,0.0,0.0,0.0,0.0,618.0,4149.0
500330,COXIM,50,0.0,0.0,6305.0,7610.0,8043.0,8676.0,8807.0,9133.0,10665.0
500370,DOURADOS,50,24763.0,28051.0,28133.0,31757.0,33795.0,33265.0,32812.0,34140.0,33786.0
500630,PARANAIBA,50,10147.0,10373.0,11293.0,12168.0,12825.0,12228.0,13325.0,12363.0,11890.0
500660,PONTA PORA,50,18059.0,17221.0,17310.0,17833.0,19776.0,19832.0,18484.0,17935.0,17259.0
500830,TRES LAGOAS,50,8974.0,10536.0,9837.0,9655.0,11225.0,12139.0,12541.0,12150.0,12942.0
510180,BARRA DO GARCAS,51,14845.0,15259.0,15958.0,18157.0,20375.0,19285.0,16688.0,18459.0,20453.0
510250,CACERES,51,28268.0,28294.0,30699.0,30863.0,32268.0,32650.0,32096.0,34451.0,35497.0
510340,CUIABA,51,86599.0,85963.0,87042.0,91100.0,97306.0,96556.0,97739.0,102905.0,105206.0
510410,GUARANTA DO NORTE,51,0.0,0.0,0.0,0.0,0.0,0.0,0.0,0.0,0.0
510704,PRIMAVERA DO LESTE,51,0.0,0.0,0.0,0.0,0.0,0.0,0.0,2375.0,10089.0
510760,RONDONOPOLIS,51,41515.0,43893.0,44486.0,40101.0,37453.0,39292.0,41345.0,45094.0,44077.0
510790,SINOP,51,23290.0,25472.0,26520.0,28797.0,33256.0,39422.0,37917.0,37093.0,40755.0
510792,SORRISO,51,0.0,0.0,0.0,0.0,0.0,0.0,0.0,0.0,0.0
510795,TANGARA DA SERRA,51,19944.0,21194.0,23725.0,24895.0,23407.0,24256.0,23720.0,24531.0,23427.0
510840,VARZEA GRANDE,51,16437.0,19738.0,22323.0,26764.0,29279.0,30606.0,31062.0,32337.0,33114.0
520025,AGUAS LINDAS DE GOIAS,52,17985.0,23128.0,28024.0,26800.0,25050.0,22710.0,19643.0,25922.0,27517.0
520110,ANAPOLIS,52,39985.0,40184.0,42498.0,45947.0,47697.0,46329.0,42497.0,40514.0,38229.0
520140,APARECIDA DE GOIANIA,52,45661.0,50369.0,59363.0,68043.0,70738.0,71994.0,71074.0,70525.0,72003.0
520450,CALDAS NOVAS,52,7047.0,8107.0,7486.0,12817.0,17870.0,18096.0,19024.0,19606.0,18671.0
520510,CATALAO,52,19042.0,18462.0,20302.0,20070.0,21172.0,21310.0,19343.0,20417.0,21728.0
520540,CERES,52,20346.0,19128.0,19660.0,20338.0,20079.0,20663.0,21442.0,21659.0,20580.0
520800,FORMOSA,52,18807.0,17675.0,18241.0,19044.0,19447.0,21032.0,16107.0,6530.0,27.0
520860,GOIANESIA,52,22628.0,21737.0,22517.0,22824.0,22572.0,23460.0,23005.0,22755.0,16849.0
520870,GOIANIA,52,225712.0,218599.0,212552.0,209989.0,212002.0,206316.0,193428.0,189014.0,195383.0
521020,IPORA,52,10579.0,11717.0,12712.0,12091.0,12349.0,12404.0,13677.0,14356.0,14711.0
521150,ITUMBIARA,52,11187.0,11683.0,11823.0,12377.0,12493.0,14114.0,14158.0,14349.0,15720.0
521190,JATAI,52,17936.0,18965.0,20781.0,21850.0,21852.0,24407.0,22649.0,23595.0,24521.0
521250,LUZIANIA,52,13668.0,13478.0,13160.0,12860.0,13693.0,15314.0,15264.0,15763.0,20066.0
521310,MINEIROS,52,0.0,0.0,0.0,0.0,0.0,0.0,0.0,0.0,0.0
521800,PORANGATU,52,21090.0,23952.0,23011.0,22994.0,23978.0,24650.0,21978.0,18726.0,20256.0
521880,RIO VERDE,52,32758.0,31958.0,33426.0,36573.0,38451.0,36526.0,35139.0,37167.0,40881.0
522010,SAO LUIS DE MONTES BELOS,52,0.0,5116.0,8971.0,7851.0,8860.0,8791.0,8736.0,9680.0,10688.0
522160,URUACU,52,0.0,0.0,0.0,0.0,0.0,0.0,0.0,2281.0,8936.0
522185,VALPARAISO DE GOIAS,52,25720.0,26479.0,26279.0,26051.0,29300.0,33969.0,34820.0,37419.0,38918.0
530010,BRASILIA,53,142197.0,138846.0,135989.0,146572.0,180693.0,184630.0,182130.0,172027.0,183138.0
