cod_municipio,municipio,uf_ibge,2015,2016,2017,2018,2019,2020,2021,2022,2023,2024,2025,2026
110002,ARIQUEMES,11,84402.44,2728316.88,3960780.11,5040037.08,5165306.87,5032372.74,5041078.4,6177838.41,5954406.05,6291266.28,6859223.38,2334260.87
110004,CACOAL,11,2847044.49,3369161.75,4165311.33,4109588.71,3987743.37,3985688.66,3898381.14,4629733.34,5323857.6,5844957.99,5853214.89,2027886.39
110012,JI-PARANA,11,3505359.31,4216001.04,5211057.67,5590753.15,5746006.1,5810849.56,4768348.26,5458828.72,5680425.26,6024259.3,6541845.93,2319909.32
110020,PORTO VELHO,11,6867118.95,7801568.22,9464729.33,10535412.43,10914288.97,10800208.98,10294940.15,11709927.27,12670178.83,14178066.78,14634927.62,4814205.9
110030,VILHENA,11,2230259.46,2506473.56,3243704.58,3368016.56,3527363.51,3475139.47,3421618.79,3868975.12,992047.79,1330865.73,746216.07,0.0
120010,BRASILEIA,12,0.0,0.0,0.0,0.0,0.0,0.0,0.0,0.0,463.24,2132121.26,2720649.27,1066366.0
120020,CRUZEIRO DO SUL,12,0.0,67496.01,958473.42,936247.27,998204.34,1056234.93,1217713.95,1710386.1,2181763.57,2545533.99,2513379.31,876933.55
120040,RIO BRANCO,12,6253849.83,7020355.3,8332802.66,8640072.25,9186895.33,10217402.09,9748137.89,10248470.79,10998540.98,13894967.29,15875709.17,5752645.24
130260,MANAUS,13,19926790.52,19170810.85,20374336.45,20271810.92,23052023.67,31090085.07,29860678.34,36970768.76,39308585.08,42109777.67,41494503.87,13550878.51
140010,BOA VISTA,14,5112544.97,5678171.93,6992733.16,6811713.24,7157442.68,7312114.58,7109171.29,8450868.21,10031371.66,11108003.61,11437050.82,3756014.42
150010,ABAETETUBA,15,0.0,0.0,0.0,0.0,0.0,0.0,0.0,0.0,0.0,1580761.15,4010612.81,1427735.62
150060,ALTAMIRA,15,1963828.04,2341039.37,2772921.32,3174705.55,3203258.95,3322762.41,3049393.98,3481659.15,3694937.46,4149873.12,4038090.01,1384856.16
150080,ANANINDEUA,15,3424953.58,2671574.3,6517459.13,8979758.48,9477061.12,11907226.64,12191681.06,13822946.24,13144154.28,13835029.36,14594349.28,5394157.78
150140,BELEM,15,16859967.48,17846762.69,25329557.48,26355599.59,27101675.11,26167882.41,28689290.12,34788255.25,38110021.99,42564587.08,43068373.92,14273515.37
150170,BRAGANCA,15,1461733.27,1458617.64,1556253.17,1545828.11,1561614.43,1571580.04,1548744.71,1770639.64,1866350.92,2910051.79,3261688.18,1080859.98
150180,BREVES,15,0.0,0.0,0.0,0.0,0.0,0.0,0.0,552751.18,1030066.51,1233766.4,1357443.72,600592.29
150220,CAPANEMA,15,0.0,0.0,0.0,0.0,0.0,0.0,0.0,0.0,0.0,435532.41,3168742.04,1366012.6
150240,CASTANHAL,15,4852983.02,4951093.9,5363128.52,6323762.7,7609309.67,8063665.37,8656114.58,11056903.53,13011118.8,14014131.69,13767832.61,6244053.51
150360,ITAITUBA,15,0.0,0.0,0.0,0.0,0.0,0.0,0.0,0.0,0.0,647245.42,2761998.14,1016490.12
150420,MARABA,15,5441809.88,5664070.92,6260181.69,6569301.25,7060446.99,7118051.93,6813417.68,7746609.49,11160309.56,10826270.23,11278803.78,3927358.71
150442,MARITUBA,15,3162759.82,3373629.45,3702445.02,3626280.34,3631953.41,3750288.35,3549157.63,4223807.69,4412261.8,4909524.56,4826242.36,1631070.47
150553,PARAUAPEBAS,15,0.0,0.0,11000.0,3600.0,9600.0,3000.0,1699563.2,2103616.96,1989273.32,4415438.75,6705154.85,5077311.69
150613,REDENCAO,15,3497845.08,3770219.37,4189265.66,4496269.68,4925278.7,4976944.31,5191218.89,6166332.29,6662426.15,7125635.07,7247044.57,2495448.26
150680,SANTAREM,15,6266796.05,6820111.62,7661632.36,7768189.16,7757105.67,7807780.02,8663502.68,9717615.59,10159154.41,11051511.27,12246786.18,4372535.71
150810,TUCURUI,15,0.0,0.0,0.0,0.0,0.0,0.0,0.0,0.0,0.0,0.0,2025593.82,645114.23
150812,ULIANOPOLIS,15,3435821.9,3732699.64,4576769.41,5280480.62,5713260.05,5594688.25,5556201.9,6731839.55,7655133.67,8398832.05,9096021.44,3183423.05
160030,MACAPA,16,5560671.8,5874762.92,7634081.04,8203264.68,8499067.15,8222947.03,8492738.28,10536125.06,12284229.66,14008239.85,14232831.17,4232101.15
170210,ARAGUAINA,17,3629858.85,3494422.2,3722148.75,3908224.58,4112098.36,4319419.65,4294032.32,4943720.4,5499766.83,6947720.53,10150291.08,3337393.76
170950,GURUPI,17,2860173.27,2939837.24,3212202.99,3310522.27,3445540.67,3556036.36,3538707.53,3879821.24,3972310.96,4252606.89,4193089.82,1383432.6
172100,PALMAS,17,4980870.27,5232902.29,5582230.01,5895628.12,6345075.86,6637229.37,6634910.89,7517010.82,8146940.16,9848172.17,10709298.69,3691164.76
210005,ACAILANDIA,21,0.0,0.0,0.0,2267978.54,3180929.9,3449876.73,3628632.24,4396417.44,4835803.63,5545969.22,5698131.23,1715662.29
210120,BACABAL,21,6118617.1,7123433.45,8105712.98,8162669.05,8556659.95,8772123.63,9423017.72,11192380.25,13207606.66,14658514.19,12588226.47,3342288.15
210140,BALSAS,21,0.0,0.0,0.0,0.0,0.0,0.0,0.0,0.0,0.0,1768747.07,3033298.54,1003575.4
210160,BARRA DO CORDA,21,0.0,0.0,0.0,0.0,0.0,0.0,0.0,0.0,3477.0,4392.0,5002.0,3843.0
210300,CAXIAS,21,9857035.55,9974983.75,9706125.95,10555051.45,10907912.98,10871584.29,10533027.22,10863037.85,11243948.74,11381943.99,11356123.82,4129045.21
210320,CHAPADINHA,21,0.0,0.0,0.0,0.0,0.0,23886.6,1559408.31,1882407.8,3970211.51,4758378.41,5219030.68,2162199.75
210330,CODO,21,0.0,0.0,1717574.34,2529676.31,3434630.64,3723193.65,3705383.87,4666173.56,5497471.61,5941544.88,6797108.37,2304155.36
210360,COROATA,21,0.0,0.0,0.0,0.0,0.0,0.0,0.0,0.0,0.0,1891.0,3965.0,1647.0
210530,IMPERATRIZ,21,10838501.84,11051146.13,11814573.7,11955573.43,13230256.74,14345158.97,14092665.78,16065081.58,18009367.53,19000024.41,17606607.62,6198181.57
210820,PEDREIRAS,21,3274346.84,3342307.87,3193622.74,3671384.93,3710366.9,3519383.08,3456596.63,3851635.16,3808413.14,3995076.37,3896341.1,1320827.51
210860,PINHEIRO,21,0.0,0.0,0.0,0.0,0.0,20715.2,3611327.97,6087988.02,7164498.34,7789070.22,9088419.17,3396907.03
210910,PRESIDENTE DUTRA,21,0.0,0.0,0.0,0.0,0.0,0.0,0.0,2440.0,1735018.19,3313221.5,4454824.8,1478360.91
210990,SANTA INES,21,0.0,0.0,0.0,0.0,0.0,0.0,0.0,0.0,7686.0,9272.0,9638.0,594387.92
211130,SAO LUIS,21,21472726.71,24882643.03,30311300.82,31227484.67,31736685.65,30527594.6,30689735.32,42631646.15,45910767.52,50408828.48,51743748.8,17438620.94
211220,TIMON,21,3034871.04,3081704.3,3359628.25,3144489.4,3176468.68,3424757.29,3228416.42,3599385.26,3877232.13,4095536.03,4374826.61,1490818.66
220190,BOM JESUS,22,636282.36,968929.34,1111552.84,1327426.44,1543736.27,1452310.98,1515804.59,1934137.21,2382292.59,2663285.72,3017722.4,1021462.28
220220,CAMPO MAIOR,22,5963792.9,6047017.39,6677948.32,6927784.73,7764955.3,8260471.17,8277645.09,9434422.03,10459432.31,10624743.93,8395464.91,2663951.42
220390,FLORIANO,22,6880534.7,7380683.38,8486445.33,9260471.73,9808293.86,10011599.45,10099620.81,11447325.42,11126721.62,12548854.3,13268454.21,4733734.45
220770,PARNAIBA,22,3972940.16,4588241.2,5442162.18,5971864.95,6618701.37,6971575.7,6594183.39,7275434.2,8209822.66,9179700.15,9439534.56,3218065.79
220800,PICOS,22,7544927.59,8713856.7,10763070.38,11443168.55,12294719.45,12642896.5,12797975.52,15255970.97,16869224.26,17970709.37,18055129.91,6027991.67
220840,PIRIPIRI,22,0.0,0.0,0.0,0.0,0.0,0.0,0.0,0.0,0.0,2017941.88,5219730.89,1758819.26
221060,SAO RAIMUNDO NONATO,22,0.0,0.0,0.0,0.0,0.0,0.0,0.0,0.0,1878542.86,2535256.81,2673479.33,868451.2
221100,TERESINA,22,22018676.09,23687739.97,26359320.4,27410497.12,29209941.7,29723850.7,28584731.39,33412437.06,35800289.73,39949940.33,40351229.68,13730283.87
230190,BARBALHA,23,5409155.91,5750463.64,6433358.43,6337454.49,6560921.07,7007292.21,7420080.54,8952330.12,9911156.99,10643472.41,11305682.63,3965292.89
230210,BATURITE,23,2567010.41,2705567.8,3292992.16,3981717.26,4418435.77,4619385.69,4470401.05,4813122.66,5405353.02,6150631.27,6209648.62,2266518.6
230280,CANINDE,23,5402398.82,5301144.71,3829687.97,4074111.67,4124732.58,4316056.63,4548432.1,5565345.36,6578735.25,7387200.87,7391968.65,1831697.73
230350,CASCAVEL,23,5679112.78,6096234.22,6732542.94,7143449.13,8097995.77,8379494.22,7854567.42,9504876.28,11617203.61,13418790.0,14524578.95,4944105.07
230370,CAUCAIA,23,7241386.19,8303700.27,9606624.42,10359733.67,11560503.33,11654130.83,11624093.45,14213015.39,16850188.13,19257690.12,20225503.16,7186281.02
230410,CRATEUS,23,0.0,431622.36,3649706.24,4705780.88,4937662.6,5242409.8,5880802.52,7708429.19,8894288.84,10035750.01,10375666.74,3334738.82
230420,CRATO,23,6799877.6,7033280.85,7923371.21,7606576.32,7665740.78,8001140.74,8534337.26,10191394.93,11687549.83,12822508.77,12880197.89,4243579.45
230428,EUSEBIO,23,3672046.62,4723282.63,6359123.14,6410659.58,6730282.5,6772680.06,6613118.05,7393917.98,7931260.31,9272095.54,9684842.36,3338932.65
230440,FORTALEZA,23,45155136.62,45719604.15,47693680.03,48218242.14,50198050.69,52356404.72,53702845.04,62105996.55,69152650.56,77913644.42,80490065.7,27421537.48
230523,HORIZONTE,23,0.0,0.0,0.0,0.0,0.0,0.0,0.0,0.0,0.0,0.0,0.0,79096.41
230550,IGUATU,23,3839348.77,3996277.36,4280467.69,4765634.29,4852965.61,4841819.76,4629858.13,5422677.86,6641296.56,7824787.94,8498297.48,3213956.86
230640,ITAPIPOCA,23,2933460.35,2992905.44,3840713.98,4082940.38,4389683.6,5116764.67,5919550.12,7824727.75,9558481.98,10963618.57,12618623.0,3254687.9
230730,JUAZEIRO DO NORTE,23,4125778.43,4278902.42,5352595.17,5574617.13,5811365.01,5942030.76,5747903.66,6233733.24,7115664.73,8493463.76,9033116.32,3085058.6
230765,MARACANAU,23,5808570.75,5905565.03,6347688.54,6410028.69,6399314.98,7152428.51,7475070.88,8923624.05,10389468.93,13703675.75,14466186.35,5084130.84
231130,QUIXADA,23,3011417.25,3121452.05,3285044.69,3387049.38,3614554.24,3712682.26,3612509.32,4349614.6,5395900.05,6002260.44,6117068.85,2227201.44
231180,RUSSAS,23,3507363.37,4046595.35,4316126.63,4542991.1,4863500.0,5003878.91,5254480.16,6473633.57,7523323.64,9181081.75,9962669.09,3515438.95
231290,SOBRAL,23,7663290.29,8684416.58,10050169.31,10387431.15,10531232.96,10290778.1,10204923.43,12057565.3,13306559.67,11637767.48,11686056.84,4326173.44
231330,TAUA,23,0.0,0.0,0.0,0.0,0.0,0.0,0.0,0.0,0.0,0.0,0.0,103765.41
231340,TIANGUA,23,0.0,0.0,0.0,0.0,0.0,0.0,0.0,0.0,0.0,1990167.48,4858286.17,1957855.39
240020,ASSU,24,1866097.4,2127359.37,2560944.03,2776013.74,2843786.11,3235936.0,3703247.64,4289086.65,3046275.78,0.0,0.0,0.0
240200,CAICO,24,4436022.03,4508280.46,5683529.7,6046957.28,6297795.13,6329046.63,6865964.0,7966404.07,8479645.3,10003907.52,10204958.74,3496107.0
240325,PARNAMIRIM,24,4039293.18,3932223.58,4150950.18,4538739.61,4531039.75,5282862.78,6264790.31,2377609.63,0.0,0.0,0.0,456884.01
240800,MOSSORO,24,8087930.52,8153727.8,8994341.41,9355505.06,9837651.58,10030108.21,10229693.75,12641730.81,14916800.42,19175608.0,18769870.65,5736657.46
240810,NATAL,24,24872177.78,25115495.24,27963136.59,26868649.82,27461810.03,28415425.55,29052657.39,38135285.79,49659824.85,53755087.14,54329124.73,19057075.22
240940,PAU DOS FERROS,24,2441652.98,2538595.8,2979233.73,3227680.82,3381703.37,3655645.2,4159661.2,5014189.22,5465620.08,6407162.13,6625243.18,2298135.44
241120,SANTA CRUZ,24,0.0,0.0,0.0,2154641.49,2731227.52,3345841.22,3610444.0,4375313.08,5039600.89,5995446.76,6417093.9,2283477.2
250370,CAJAZEIRAS,25,0.0,0.0,0.0,400780.95,2683200.7,2909908.35,3274180.04,3940788.06,4274858.09,4936626.44,5181149.65,1949021.74
250400,CAMPINA GRANDE,25,16492547.33,16487474.23,17763925.03,18709324.2,19751726.33,21016291.74,21281120.39,23808331.6,22976268.67,24449342.67,25613635.92,8435013.08
250630,GUARABIRA,25,0.0,0.0,0.0,246561.6,1970684.77,2378939.26,2725866.08,3325756.75,3945816.12,4519203.14,4771169.85,1684208.61
250750,JOAO PESSOA,25,12139709.84,13338228.39,16156501.43,18053261.74,21001055.52,21769708.61,21600291.31,24986593.78,28855318.94,33922584.4,32091465.43,7685400.69
250970,MONTEIRO,25,0.0,0.0,0.0,0.0,0.0,0.0,0.0,0.0,0.0,13722.1,10310.4,16311.88
251080,PATOS,25,2168390.31,2269004.93,2610490.62,2991162.81,4433079.35,4486130.0,5656009.93,6984032.78,7822178.26,9404482.0,9560562.6,2818814.54
251620,SOUSA,25,2955501.26,3007470.37,3245061.24,3469184.21,3710998.49,3453706.58,3659682.38,4279117.12,4540547.29,4786737.17,4861990.32,1711760.41
260110,ARARIPINA,26,0.0,0.0,0.0,2990056.75,4449264.51,4357198.89,4747427.17,5773848.54,5540823.93,6356488.03,6422480.33,2145526.82
260120,ARCOVERDE,26,8689600.7,8865093.52,9901002.5,10109631.36,10531756.66,10952464.26,10280561.73,12086952.12,10837591.83,11370356.64,12986976.06,4496782.57
260290,CABO DE SANTO AGOSTINHO,26,7036891.26,7550568.04,8250984.58,8310509.27,8654870.35,9166558.51,9784518.81,11205249.66,11664113.6,13268881.57,13663386.36,4594813.28
260400,CARPINA,26,11693702.2,12342112.76,14329118.16,14663524.45,14787667.96,17182730.6,17723875.96,20940059.68,22945200.66,24799770.04,24099309.35,7933587.64
260410,CARUARU,26,9079315.42,8786002.29,10069911.08,11764162.81,12885405.84,12956234.44,12578110.13,14986290.91,18084312.73,28256204.5,30012399.22,10877407.71
260600,GARANHUNS,26,6971160.68,6899279.89,8046624.65,8616009.58,9295651.8,9129590.24,9130225.57,11054634.29,12441136.48,12614572.06,12396074.73,4089831.53
260790,JABOATAO DOS GUARARAPES,26,8149112.96,9102067.48,9877749.22,9558242.11,9901486.89,9684640.61,9599677.56,11131057.62,12749922.38,14751972.33,16163527.06,5377895.71
260960,OLINDA,26,4856551.84,4254593.85,4622597.55,4507768.72,4782771.0,4959563.96,4521144.62,4139521.09,3559282.81,4113331.39,5598918.84,2325120.59
261000,PALMARES,26,5536487.88,5398499.49,6183057.07,6334176.2,7362005.24,7389647.84,7566412.3,9171511.35,9661065.81,11302087.19,11456669.78,3805294.85
261070,PAULISTA,26,0.0,0.0,0.0,0.0,0.0,73226.03,4450691.62,7896449.98,8516780.03,10108503.39,9682458.1,3297358.28
261110,PETROLINA,26,4958159.29,4762321.6,4924532.88,4871791.02,4866565.97,4821432.44,4630365.95,4898950.83,4777862.03,5090755.8,5115276.57,1653343.91
261160,RECIFE,26,54130198.56,56604516.43,63078827.84,66913002.74,69170865.75,71092551.68,67978056.61,75993262.55,82567794.12,88367148.64,87632831.93,29861744.98
261220,SALGUEIRO,26,3261030.65,3161036.38,3561926.7,3623473.25,3659158.23,3772137.8,3822383.34,4771471.24,5216746.7,6003876.33,5950378.53,1972398.0
261390,SERRA TALHADA,26,0.0,0.0,0.0,0.0,0.0,0.0,0.0,542399.21,3996944.08,5184741.44,5164630.55,1745343.85
261640,VITORIA DE SANTO ANTAO,26,8207227.17,8173324.57,9030332.05,9036568.47,9676378.22,10136129.75,10256313.79,12307775.5,12928439.76,14197222.08,14216053.5,4979507.86
270030,ARAPIRACA,27,10017806.58,10960639.01,12205579.48,12910575.97,13202424.09,13178195.03,13310376.91,15465862.02,17588746.25,21223921.42,22535601.46,7077503.49
270430,MACEIO,27,24152057.58,24393352.85,25881092.72,26849118.14,28929164.4,30198138.89,30107364.11,35711819.87,39554961.46,44031220.11,49372881.84,17164821.93
270630,PALMEIRA DOS INDIOS,27,3818683.76,3864983.32,4183916.06,4115756.88,4223713.41,4223075.9,4136935.97,4606630.94,4880970.75,5268693.84,5144690.59,1651030.92
270800,SANTANA DO IPANEMA,27,0.0,0.0,0.0,0.0,0.0,0.0,0.0,0.0,0.0,0.0,0.0,140053.49
270840,SAO JOSE DA TAPERA,27,0.0,0.0,0.0,0.0,0.0,0.0,0.0,0.0,0.0,0.0,0.0,374934.08
270860,SAO MIGUEL DOS CAMPOS,27,2529015.3,2728415.5,2932073.28,3033764.67,3139008.03,3420120.96,4127808.59,5365680.57,5939960.04,7461161.28,7294026.82,2513746.91
280030,ARACAJU,28,18338853.48,18710838.32,18433539.56,18878144.77,19232589.48,19801864.96,20306294.19,21473105.13,24331399.93,28386939.33,31679573.9,11259578.04
280210,ESTANCIA,28,0.0,0.0,3501433.37,3681402.4,3775174.36,3720457.7,3293975.91,3622517.27,3877403.63,4254813.02,4316218.34,1678299.04
280290,ITABAIANA,28,2598123.08,3446330.05,3959227.0,4001719.38,4085970.15,4000372.53,3917648.44,4862025.06,5423278.83,6488021.01,7160870.85,2467098.89
280350,LAGARTO,28,0.0,0.0,0.0,0.0,0.0,0.0,0.0,2591122.79,4210056.7,4717820.0,4614620.71,1534727.43
290070,ALAGOINHAS,29,3965651.96,3934374.49,4897008.1,5405963.15,6086441.3,6365238.87,6205918.56,7571707.31,9002468.51,10170428.4,10775041.4,3666213.92
290320,BARREIRAS,29,2560823.24,2359350.85,2201073.56,2875092.33,4391145.91,6529279.03,5264090.36,6131562.76,5774808.53,10145357.99,11090619.6,3840323.31
290390,BOM JESUS DA LAPA,29,0.0,0.0,0.0,0.0,0.0,0.0,7200.0,38911.4,19003.96,3523626.65,5379891.56,1863192.29
290460,BRUMADO,29,3395225.38,4810581.7,5938001.57,6502850.25,6419005.81,6067123.57,4456871.47,4649704.72,5170024.0,6179083.17,6208325.29,1542102.93
290570,CAMACARI,29,5728325.51,5933133.62,6330330.31,6310891.41,6360529.3,6752393.73,6815953.31,7669104.95,9578255.1,10688607.57,11143278.87,4016140.69
291070,EUCLIDES DA CUNHA,29,0.0,0.0,0.0,0.0,418004.38,2797896.24,4296435.93,6075698.47,7633179.7,8560014.25,8911339.64,3108412.37
291072,EUNAPOLIS,29,5790452.89,6151585.94,6438854.08,6364637.99,6330314.14,6430007.46,6687976.48,7893158.35,8755560.72,10183769.26,10796786.69,3630846.97
291080,FEIRA DE SANTANA,29,16866143.85,16644439.08,18903705.78,18596558.46,18255174.85,17412979.11,15938072.77,17658315.15,18355405.57,20118903.87,21662824.77,7765785.89
291170,GUANAMBI,29,5142246.39,5394896.27,6606582.66,6911720.13,6954839.06,6742137.97,6960994.97,7989819.6,8456850.76,9411394.07,9935735.34,3301914.1
291360,ILHEUS,29,4729084.65,4930329.01,5573429.54,7132287.57,7365720.03,7100453.75,6488703.82,7639802.68,8650390.43,9304650.65,9010240.68,3167539.83
291460,IRECE,29,23400.0,1200.0,682.34,4074003.15,6713616.73,6952765.11,7391443.19,8176211.2,8090461.88,8688165.3,8545517.45,2898669.76
291470,ITABERABA,29,0.0,36929.36,84987.64,67634.66,420618.01,4674960.0,5037163.45,6024956.38,6036007.8,7083405.07,7435788.83,2524532.6
291480,ITABUNA,29,6501212.24,6515579.32,7458258.32,7257897.35,6973159.62,6887329.31,6882021.75,8126090.76,9138936.94,10037416.94,10435260.37,3625872.18
291640,ITAPETINGA,29,0.0,0.0,1200.0,7200.0,359450.27,4423462.06,4762717.91,5252420.54,5844527.7,6674622.63,6491153.62,2152319.96
291750,JACOBINA,29,3018797.74,2985600.35,3412333.93,4139034.32,5194343.07,5651619.58,5746580.7,6534265.35,7736208.02,9159645.2,10482961.7,3781512.92
291800,JEQUIE,29,6747619.27,7446694.82,8309562.84,8376351.68,8209851.79,8320335.37,8249476.64,9275294.67,10234252.68,11508700.72,12762019.13,4488729.78
291840,JUAZEIRO,29,6629538.95,7846617.52,9080862.67,9792716.54,10328426.01,11920791.94,12936861.49,15323492.97,17409156.63,19781153.08,20794443.38,7013442.74
291920,LAURO DE FREITAS,29,3274821.43,3214383.8,3219224.41,4674407.35,4526353.6,4831266.5,4537250.81,5698884.07,5871158.5,6314703.5,6305182.76,2111720.92
292400,PAULO AFONSO,29,5809471.16,5954491.18,6965254.08,7685553.69,7993375.12,8967072.83,9764297.15,11866646.85,12854523.77,14073793.86,14198191.15,4823524.4
292530,PORTO SEGURO,29,0.0,0.0,6000.0,3000.0,4800.0,0.0,0.0,0.0,0.0,0.0,0.0,0.0
292660,RIBEIRA DO POMBAL,29,3345129.37,3938938.87,5011673.33,5400878.86,5609190.35,5219531.82,5226313.8,5742952.43,6802119.48,8088851.17,9037624.0,3319514.33
292740,SALVADOR,29,45330936.59,45232830.22,47620523.23,46470887.13,46070850.65,45023821.87,43982649.37,49433967.81,53317718.95,66679248.04,70870483.9,23945522.28
292860,SANTO AMARO,29,0.0,0.0,0.0,0.0,0.0,2400.0,27141.06,35635.94,4614500.48,6354811.65,6957515.63,2637221.37
292870,SANTO ANTONIO DE JESUS,29,5633170.54,4884242.63,5769357.4,6339833.19,7188125.29,7502635.32,6475462.52,7889273.44,8661902.14,9582365.64,10411436.08,3622115.8
292880,SANTO ESTEVAO,29,0.0,0.0,0.0,0.0,0.0,0.0,15411.7,278898.64,3079166.62,3996173.22,5358604.08,1928478.29
292990,SEABRA,29,0.0,0.0,0.0,0.0,0.0,0.0,0.0,0.0,0.0,2437252.34,3960599.11,1186845.2
293010,SENHOR DO BONFIM,29,5367804.81,5603526.24,6157455.55,6145129.53,6232975.0,6168028.09,6085446.51,7025630.96,7397372.45,8238655.89,8597706.93,3085216.01
293050,SERRINHA,29,5099216.77,5397183.84,6118279.34,6591386.66,6864714.7,6228790.12,6125009.88,7146124.49,7854773.56,9017056.17,9509777.81,3440079.48
293135,TEIXEIRA DE FREITAS,29,0.0,0.0,0.0,0.0,489119.67,6189201.21,6354024.89,7247231.15,8034108.12,8847643.36,9315629.33,3166236.31
293290,VALENCA,29,3625752.23,4879005.9,5815139.04,6351326.57,6460478.28,6697293.62,6867771.68,7545045.58,8293023.57,8433801.09,8891378.33,3273410.74
293330,VITORIA DA CONQUISTA,29,12339973.88,12591780.6,12333387.84,13044853.96,13427490.95,13821137.59,14939645.78,17158654.74,17511286.69,19216967.71,19826787.51,6729084.33
310160,ALFENAS,31,7168112.68,7435560.41,7837278.58,7975165.22,7905709.27,8936345.01,9484114.87,10363310.77,10803745.57,10710834.72,10735314.36,2691295.49
310350,ARAGUARI,31,2504281.38,2493186.49,2930692.28,3071881.77,2943458.16,3181566.08,3349863.35,3920841.78,4549413.7,5477765.94,6096042.49,2327942.79
310400,ARAXA,31,3467988.89,3697348.92,4073365.91,4293931.28,4649348.09,4868678.94,4738269.39,5150095.91,5376342.01,5991138.68,5863229.06,1408032.24
310560,BARBACENA,31,4275154.14,4290434.54,4917167.75,4988566.07,4781303.38,4999221.46,4924460.53,5256354.22,5977534.08,6343730.68,6410190.85,2035537.63
310620,BELO HORIZONTE,31,63552224.63,66747486.12,69863091.66,68522344.72,70125546.13,71886680.77,70983272.61,78732616.88,85575348.13,93605948.66,97023914.56,32038676.41
310670,BETIM,31,5514128.23,5791115.36,6649931.96,12030748.61,13449826.19,13648881.96,13693768.64,15837265.25,17334313.64,18873328.76,19694883.03,6721688.73
310740,BOM DESPACHO,31,3118689.33,3373574.46,3910684.1,3930576.23,4022297.06,4147840.18,4159238.51,4687708.98,4794297.0,5443375.57,5839813.99,1546085.0
310860,BRASILIA DE MINAS,31,4147461.98,4713725.87,5794980.56,5992761.38,6033033.17,6032085.16,6373835.24,7648415.03,8706822.36,7367668.72,7813745.34,2832557.09
311120,CAMPO BELO,31,3430483.35,3872650.0,4493506.0,4587754.06,4881018.68,5153978.82,4979055.48,5518333.84,4667587.23,3986917.75,3802045.81,1322039.71
311330,CARANGOLA,31,2282238.78,2476682.92,2923627.61,3279979.11,3030996.93,2975563.6,3029764.9,3617610.74,3827413.22,3953309.06,3707777.8,165747.46
311340,CARATINGA,31,4763533.58,4759711.18,5249132.59,5847436.63,6240179.99,6083027.57,5733139.88,6534813.73,6863133.68,7295492.86,7438974.54,2564338.18
311530,CATAGUASES,31,1963748.94,2025710.95,2169193.43,2333684.07,2379034.28,2278797.65,2245295.64,2605212.53,2824409.99,3114184.81,2942152.06,923248.93
311830,CONSELHEIRO LAFAIETE,31,4300021.4,3681676.58,4110191.23,4602164.34,4806391.11,4770606.85,4455524.99,4689739.01,5313472.69,5975975.33,6006683.54,2040964.43
311860,CONTAGEM,31,16720576.18,17026301.21,18248874.74,15865046.11,16934907.89,18108819.58,17801156.37,19100884.08,21151433.48,23742155.11,24563554.08,6263988.16
312090,CURVELO,31,3673011.84,3809922.12,4323154.76,4724143.28,5725889.54,6599670.72,6784338.95,7589122.76,7852380.56,8532604.61,8616791.56,2940386.2
312160,DIAMANTINA,31,2405125.55,2761417.59,3371825.81,3355518.57,3497180.28,3670910.86,4094466.78,4531101.86,4032953.61,4826781.59,5182771.29,1781851.31
312230,DIVINOPOLIS,31,5699554.05,5714689.75,6184499.4,6126430.58,6227462.1,6215259.21,6367117.8,7144826.32,7202354.29,7555050.48,7502600.32,2460288.11
312510,EXTREMA,31,2651699.36,3145203.92,3376785.61,3540338.1,3683284.66,3825604.66,3569427.89,4194463.67,4401493.7,5118488.77,5226884.15,1661043.81
312610,FORMIGA,31,4328550.11,4253849.74,4602100.15,4734203.71,5224547.94,5541840.37,5579852.18,6718966.8,7333066.6,6899189.96,6659044.17,2166917.2
312710,FRUTAL,31,1188880.35,1407348.27,1909307.2,2050521.36,2035390.44,2033364.78,2478060.45,3086125.07,3563204.24,3688154.62,3591127.44,931125.55
312770,GOVERNADOR VALADARES,31,10233003.0,10717370.74,12285806.28,13047646.49,13341519.94,14282029.39,13774181.51,15732789.54,17295402.48,19171839.24,19496863.43,6535794.09
312870,GUAXUPE,31,2989960.43,3284655.08,3440081.24,3462072.55,3549855.8,3629974.26,3774352.6,4182261.24,4854318.71,5221915.33,4969846.38,1626274.86
313130,IPATINGA,31,8218462.84,8908992.49,9811280.43,10149408.1,10212750.29,9625423.19,9412426.54,8563290.88,7609199.62,8686515.97,9297051.34,3243884.43
313170,ITABIRA,31,4053636.3,4175671.42,4863925.27,5581534.74,5660677.18,5913403.93,5979662.25,6927631.36,7534404.77,8397092.61,8545405.21,2904272.05
313240,ITAJUBA,31,4025403.33,4457912.36,5119121.48,5271432.36,5137650.96,4750962.54,4780002.13,5908344.97,6422449.38,7172145.96,7026104.42,2383072.05
313330,ITAOBIM,31,3431988.01,3934424.89,4420243.23,4565168.07,5159655.44,5408573.47,5395071.38,5999418.1,6249592.57,6607835.64,6416080.74,2118737.65
313380,ITAUNA,31,3049577.49,3073940.32,3404280.51,3407330.51,3225906.8,3207624.63,3092045.36,3561411.06,3611400.35,3914643.44,4269199.35,1486386.31
313420,ITUIUTABA,31,3787076.38,3978290.91,4373577.74,4495766.77,4840975.27,5491313.52,5400286.18,5784750.88,6275102.69,7181079.28,7482741.2,2595539.74
313510,JANAUBA,31,4345998.41,4825975.37,5227089.8,5779513.63,6172202.43,6585456.76,6753788.29,8247466.49,9157391.77,9042359.83,9269534.01,3117560.77
313520,JANUARIA,31,0.0,0.0,0.0,0.0,0.0,0.0,0.0,0.0,0.0,2689229.2,4123560.4,1481709.66
313620,JOAO MONLEVADE,31,4376811.26,4409537.44,4863281.25,5356324.49,5593207.46,5921374.11,5776768.08,6320322.58,6476128.7,7047927.76,7132237.31,2545158.17
313630,JOAO PINHEIRO,31,0.0,0.0,0.0,0.0,0.0,0.0,0.0,0.0,0.0,0.0,1718.4,140026.31
313670,JUIZ DE FORA,31,11101312.17,12077145.51,13393445.57,13184915.56,13234921.79,13886479.37,13594388.97,15741581.07,17731270.46,18934654.41,20817024.37,7235331.17
313820,LAVRAS,31,3792752.29,4087972.58,4561654.54,4934240.52,5281760.09,5531436.41,5503063.37,6407901.06,7213189.8,7363617.83,7033795.78,2119496.7
313840,LEOPOLDINA,31,2462536.78,3012080.38,3865031.55,4514205.21,4851422.7,5038818.07,4704663.41,5113170.82,5253551.78,5108910.4,5176982.77,1852802.77
313940,MANHUACU,31,5552803.8,5774340.52,6274604.17,6293931.61,6599761.9,6636302.66,6382634.67,6821603.58,8101171.37,8531152.18,8606418.68,3052213.71
314000,MARIANA,31,2641383.61,2792912.41,2974915.88,3687939.72,4288372.55,4436843.93,4894656.98,6112099.56,6722288.09,7263246.48,6767183.75,2208791.42
314180,MINAS NOVAS,31,0.0,0.0,0.0,0.0,0.0,0.0,0.0,269224.93,2288246.12,2881149.67,3792537.05,1330372.99
314330,MONTES CLAROS,31,8466682.64,8749261.6,9106869.54,9795025.87,10383778.37,10745182.0,10533005.56,11806126.86,12801436.61,14225345.98,15635614.33,5549043.23
314390,MURIAE,31,3226471.43,3369250.68,3910435.09,4029940.11,3954392.54,3746507.85,3620625.96,3991652.39,4227970.39,4960680.56,4672850.26,1533789.28
314480,NOVA LIMA,31,2622195.65,2582757.0,2731700.89,2841499.18,3165452.49,3177279.45,3106900.78,4059867.82,4358319.98,2560104.77,4753144.66,1592444.31
314520,NOVA SERRANA,31,0.0,0.0,0.0,0.0,0.0,0.0,0.0,2400.0,175637.82,2140455.11,2599973.13,877337.93
314560,OLIVEIRA,31,0.0,0.0,0.0,0.0,0.0,0.0,0.0,0.0,1154124.75,4143288.85,4699074.93,1629973.58
314700,PARACATU,31,1166083.28,1287612.3,1268506.93,1403630.18,1325056.5,1249636.95,1351154.42,1588129.75,1636234.07,1732333.33,1722270.47,291091.76
314710,PARA DE MINAS,31,1955088.97,2006456.77,2196596.83,2210191.91,2277318.14,2350955.58,2446038.14,3131785.09,3418359.96,3662598.77,3837954.41,1359775.28
314790,PASSOS,31,7170876.59,7359635.69,8363001.45,8839484.51,8692254.59,8714986.94,8489860.04,9952568.45,10083540.07,10741971.3,11145163.86,3748954.72
314800,PATOS DE MINAS,31,5381172.6,5478533.06,5939571.8,5957239.76,6014744.58,6424502.41,5124528.05,6655875.27,7148779.56,7738114.19,7594708.65,2527473.06
314810,PATROCINIO,31,3177971.43,3630122.9,4099599.22,4091221.54,4191819.78,4240092.23,4071627.5,4574130.08,5140328.01,5987562.55,6415513.27,2190876.15
315120,PIRAPORA,31,1886778.75,2019262.63,2433851.47,2443213.25,2362152.26,2457086.44,2487824.9,2372358.03,2457896.27,2780277.88,3243605.43,1170716.56
315140,PITANGUI,31,0.0,4200.0,200.0,1200.0,0.0,0.0,0.0,0.0,0.0,0.0,0.0,0.0
315180,POCOS DE CALDAS,31,2698249.82,2565001.03,2734627.86,2890361.88,3129087.94,3250862.52,3276815.68,3763007.76,3772071.14,3764090.47,4316972.39,1180736.09
315210,PONTE NOVA,31,4245809.72,4101685.73,4699883.53,4789511.21,4519696.1,4646858.03,4635923.36,5704611.71,6357078.75,6854334.25,7009518.25,2462848.25
315250,POUSO ALEGRE,31,4713132.12,4734528.77,5184627.69,5234970.5,5206378.68,5880413.48,5921319.16,6997528.16,8154319.37,8452129.22,9197497.27,3290884.99
315700,SALINAS,31,2209573.76,2261323.42,2803520.32,2863920.78,2997668.03,3199915.77,3264011.74,3983518.53,4730788.2,4930046.94,5299866.04,1817135.53
316210,SAO GOTARDO,31,0.0,0.0,0.0,0.0,0.0,0.0,0.0,0.0,5436.37,1002741.18,1353612.3,545048.2
316250,SAO JOAO DEL REI,31,4788256.0,4938440.75,4871789.1,5019168.96,5110273.34,5175562.51,5315795.04,6289592.59,6216845.24,6768032.78,6700148.38,2184627.56
316370,SAO LOURENCO,31,4193413.09,4562421.73,5041999.5,4988349.22,5100516.94,5496024.84,5105614.5,5373172.84,5923759.12,6409346.17,6421700.59,2595974.43
316470,SAO SEBASTIAO DO PARAISO,31,2751948.78,2604377.01,2817052.79,3078010.69,3368209.95,3448710.47,3653601.03,4491060.32,5263074.29,5488595.94,5472896.16,1931245.33
316720,SETE LAGOAS,31,5207618.46,5008364.8,5453976.68,5389942.28,5536106.73,5725575.65,5708021.34,6877311.13,8262581.09,9051581.67,9537820.92,3311083.26
316860,TEOFILO OTONI,31,7040309.38,7798602.01,8134429.75,8466223.33,9322415.72,10185014.11,10728935.62,12091058.3,12732621.76,15000910.2,16623402.07,5684715.37
316870,TIMOTEO,31,0.0,0.0,0.0,0.0,0.0,0.0,0.0,2211101.97,3908545.14,4104505.46,4171460.31,1486737.81
316930,TRES CORACOES,31,3102079.29,3098416.88,3279291.48,3371027.64,3315519.54,3082501.11,2811982.58,2940774.94,3504811.08,4045953.86,3892523.47,1172888.38
316940,TRES PONTAS,31,0.0,0.0,0.0,0.0,0.0,0.0,0.0,0.0,0.0,1075349.86,2993280.06,1066297.2
316990,UBA,31,4409866.14,4332724.74,4621620.6,4746475.47,4586407.03,4412506.34,4732819.93,4964672.97,5191217.62,5375963.64,5862090.61,1814741.11
317010,UBERABA,31,4881810.95,5467646.48,6210377.79,6353290.07,6752424.68,7128340.45,6699020.49,7131862.64,8110187.13,9040477.8,9650969.85,3392349.25
317020,UBERLANDIA,31,12492164.46,12889558.39,14350431.81,14936168.22,15929031.38,16874262.89,16321046.12,18611228.92,20526899.63,21697928.9,22559587.24,7700073.74
317040,UNAI,31,2533180.91,2532968.75,3030323.55,2728929.47,2484564.76,2607636.89,3055878.2,3677409.3,4321526.09,4588007.16,4420490.47,1573506.39
317070,VARGINHA,31,4375912.32,4449518.26,5115588.51,5173428.06,5343606.27,5799208.38,5608622.95,6387694.15,6757556.81,5909061.37,5141117.79,1639885.96
317130,VICOSA,31,2849150.54,3091937.95,3517911.68,3679914.04,4046362.31,4414367.16,4539434.82,5135326.72,5669654.06,6000072.02,5833083.3,1948771.17
320060,ARACRUZ,32,0.0,0.0,0.0,0.0,0.0,0.0,0.0,0.0,0.0,311638.43,3594515.49,1185278.74
320090,BARRA DE SAO FRANCISCO,32,0.0,0.0,0.0,0.0,0.0,0.0,0.0,0.0,0.0,0.0,0.0,448948.35
320120,CACHOEIRO DE ITAPEMIRIM,32,6317844.3,6429045.25,6601123.61,6426336.26,6484432.62,6625043.22,6154343.48,6061385.55,6507081.82,7483389.97,7490563.72,2438726.2
320130,CARIACICA,32,8009661.5,8751606.33,9363596.01,9812568.43,8769848.02,8414027.35,8540835.77,9566133.06,10293091.98,11280719.61,10503756.38,3115200.39
320150,COLATINA,32,9920424.84,10197053.55,11137604.58,11247619.76,11382896.28,10998278.0,10699602.55,11711136.43,10425189.64,11957323.47,12106737.65,4220781.92
320230,GUACUI,32,0.0,0.0,0.0,0.0,135556.6,1679683.44,2012880.8,2948619.43,2983923.7,3358364.54,3553597.82,1208326.8
320240,GUARAPARI,32,2480240.96,2557523.2,2854155.14,2983938.77,3282903.81,3283779.47,3192938.45,3452917.32,3729610.87,4103537.38,4710117.47,1738517.11
320320,LINHARES,32,4798738.1,5290997.31,5475008.49,5463260.64,5630809.36,4957202.87,4950592.96,5854473.67,5967452.86,6335157.18,6799303.4,2221918.8
320490,SAO MATEUS,32,5338965.4,5448882.06,5928217.46,5805412.59,6368698.05,6510785.56,6502466.09,7042420.1,7495266.7,8344094.65,8216518.0,2770110.26
320500,SERRA,32,8053090.01,7897118.74,7814191.67,7509747.86,7007253.07,6797628.71,8300052.44,10126632.67,10098214.84,10714831.07,10432514.76,3402709.26
320520,VILA VELHA,32,3746105.47,3883453.67,4236730.51,3995601.8,3978854.99,3990769.2,8815678.91,9858424.75,12842338.2,14279257.76,13321307.64,4029249.94
320530,VITORIA,32,7169388.35,7053552.36,6904214.89,5964066.7,4157411.44,6411962.86,6119161.37,6740089.33,7134433.55,7571100.88,7867608.44,2618788.16
330010,ANGRA DOS REIS,33,3725784.86,3875357.12,4615198.32,4443638.14,4624938.02,4669648.64,4824760.28,5690508.88,6625906.97,7588329.46,8279332.71,2780248.17
330020,ARARUAMA,33,3605943.87,3700343.49,3968072.36,4320316.37,4914200.33,5411786.63,5248299.24,5492931.03,5573793.21,5497608.66,6050830.34,1968250.51
330023,ARMACAO DOS BUZIOS,33,0.0,0.0,0.0,0.0,0.0,0.0,0.0,0.0,0.0,513080.45,5600120.08,2179978.63
330030,BARRA DO PIRAI,33,4458715.55,4517345.68,4859037.86,4098663.75,3877976.46,3444368.32,0.0,0.0,0.0,0.0,0.0,0.0
330040,BARRA MANSA,33,1699094.43,1687314.36,1912671.94,1807929.2,748715.3,0.0,1364.68,682.34,12282.12,95976.38,44200.0,6200.0
330045,BELFORD ROXO,33,12716421.99,12802332.59,13531068.06,13767774.59,14154187.63,13826372.47,13070725.8,14931968.67,15843872.26,18418738.19,17288028.87,5609875.8
330060,BOM JESUS DO ITABAPOANA,33,0.0,0.0,0.0,0.0,0.0,0.0,0.0,0.0,0.0,914461.6,2516194.05,1143660.42
330070,CABO FRIO,33,4633745.19,4714825.43,4827327.55,5156500.23,5387464.14,5774669.77,5713956.34,6141144.3,6822064.81,6802714.64,7112853.71,2385029.36
330100,CAMPOS DOS GOYTACAZES,33,9971645.1,9187010.46,9460522.68,9309414.95,9699284.15,9610999.13,9199969.68,9909897.25,11954075.17,13425949.27,13694745.94,4614530.6
330170,DUQUE DE CAXIAS,33,15758330.74,15227817.41,16085965.48,15587192.65,15475325.22,14714379.44,13644016.13,15679749.62,17271253.7,18327873.62,16701052.04,5265960.3
330190,ITABORAI,33,6793941.96,6275349.81,5063389.9,5896069.0,6274634.69,5892299.14,6447081.55,7530156.18,8675583.04,8673047.48,9157293.47,3048602.34
330220,ITAPERUNA,33,4416830.42,4715336.08,4878540.41,4858761.14,4709389.5,4176051.37,4543983.77,6186677.63,5724324.65,5998345.94,5750656.26,1860833.86
330227,JAPERI,33,3686683.65,4900538.21,5417714.17,4784968.85,3964283.34,3884644.36,4166915.23,4254866.81,6353443.78,6743069.02,5926642.19,1876013.42
330240,MACAE,33,4041266.51,3998782.67,4140048.87,3913714.72,3809598.01,3676691.3,3093872.96,3476826.75,3684740.82,4048721.35,4055700.06,1299705.13
330250,MAGE,33,5039448.95,5036804.18,5622733.45,5506050.34,5556070.29,5289403.86,5009820.85,5428317.71,5603255.54,5827696.46,6735678.3,2251646.73
330320,NILOPOLIS,33,2870348.57,3500150.05,4050859.09,4119390.88,4225848.16,4536996.48,4348679.91,4555534.69,4178455.71,3917575.03,4826793.28,2034951.62
330330,NITEROI,33,9263733.21,9201240.07,9463292.3,9039690.86,8526150.07,8641124.31,8423666.83,9149562.57,10136101.04,10736695.38,10923015.1,3673741.22
330340,NOVA FRIBURGO,33,4013926.33,3989917.95,4541917.37,4623880.05,4672998.02,4645001.44,4481072.75,5213715.16,5542695.08,5878836.46,5946584.47,2003286.06
330350,NOVA IGUACU,33,9398080.22,9569526.49,10183708.82,9645284.2,8184575.88,9111462.23,9304918.03,9582779.31,10396173.66,10594526.3,11391724.9,3663796.59
330360,PARACAMBI,33,2052030.45,167321.17,0.0,0.0,0.0,0.0,0.0,0.0,0.0,0.0,0.0,0.0
330390,PETROPOLIS,33,4079062.86,3813900.98,4095341.77,4058486.01,4196596.34,3968428.86,3601818.09,4008211.27,3984739.2,4685313.26,4757523.93,1106595.4
330400,PIRAI,33,0.0,0.0,0.0,0.0,0.0,0.0,0.0,0.0,859.2,0.0,0.0,0.0
330414,QUEIMADOS,33,6910654.73,7184050.16,7800730.67,8591597.67,9277808.85,9303237.41,8959422.26,10443699.49,11548101.75,12969076.9,12510881.12,4117627.4
330420,RESENDE,33,1151040.48,1323723.11,1512460.23,1785708.67,1628580.91,1685127.55,1689390.15,1742834.04,2356127.83,2819631.66,2856890.83,719578.29
330430,RIO BONITO,33,3753142.57,3535922.56,4196273.72,4118800.24,4352159.84,4529539.54,4675504.04,5258174.49,5662632.47,6138174.09,6641471.08,2273423.83
330455,RIO DE JANEIRO,33,86303419.91,86443106.59,90335755.21,89245137.24,88399509.51,88539871.02,84836304.46,94548641.71,103534416.42,115184093.37,115863123.3,38769828.74
330470,SANTO ANTONIO DE PADUA,33,3430886.02,3466413.83,3784846.18,3860548.47,3989796.92,3989856.45,4021021.15,4418982.98,4743611.09,4963580.65,4964034.79,1675289.57
330490,SAO GONCALO,33,14562389.45,14688295.4,16469652.65,16454916.01,16740462.08,16252078.82,14865432.19,17235943.05,18343196.09,19613420.61,19558600.26,6964429.93
330510,SAO JOAO DE MERITI,33,9111772.96,8921257.36,10113538.69,10021279.8,9881712.08,9139597.91,8368065.9,9374491.07,10521046.33,12094468.78,13707933.31,4890213.6
330580,TERESOPOLIS,33,0.0,0.0,0.0,185351.33,3405162.04,4131530.93,4131999.6,4625117.95,4762821.21,5313653.39,5327598.01,1636169.96
330600,TRES RIOS,33,3855070.56,4006028.29,4104400.16,3916147.11,3578873.54,3514410.8,3495431.74,4237077.35,4809357.22,4791255.68,4384580.88,1453612.54
330610,VALENCA,33,3216185.3,3309121.4,3520208.71,3414528.76,3538429.63,3365952.91,3534614.5,3778072.61,3972143.37,4336212.38,4097601.72,1427886.44
330620,VASSOURAS,33,1529572.02,1563547.58,1672259.58,1731442.53,1879558.52,1915901.89,2003849.18,2305000.91,2387779.71,2561299.39,2391276.51,814076.05
330630,VOLTA REDONDA,33,1336979.8,1238498.88,1162291.17,3321038.08,4653318.26,5639787.68,5881235.91,7245205.39,8769478.69,9937373.55,10796691.85,3455984.11
350010,ADAMANTINA,35,1763731.21,1876426.62,2201138.73,2258430.97,2306603.34,2343970.98,2316296.19,2431993.55,2461664.86,2625211.32,2804550.78,1018362.58
350160,AMERICANA,35,2703973.49,2519586.71,2449144.11,2380616.2,2307083.89,2301032.56,2315747.93,2428682.17,2728747.84,3385951.24,3531083.52,1079186.33
350170,AMERICO BRASILIENSE,35,1200.0,3800.0,4800.0,6000.0,5400.0,2400.0,2400.0,10555.2,14606.4,8592.0,13747.2,2577.6
350190,AMPARO,35,2583165.8,2807330.99,2894906.21,3062580.73,3384669.47,3568174.93,3369957.13,3607389.58,3911242.19,5499803.41,5790027.14,2055425.62
350210,ANDRADINA,35,0.0,0.0,0.0,0.0,0.0,0.0,0.0,0.0,0.0,17184.0,12028.8,79069.77
350280,ARACATUBA,35,4625491.38,5321986.39,6977116.58,8087207.77,8222438.69,8657312.12,8853343.66,10226502.57,10589383.87,11322359.5,11707577.93,4046674.85
350320,ARARAQUARA,35,5803879.05,5869707.69,6683709.28,6998500.51,7159322.04,7322213.0,7132012.45,7767029.51,8760740.5,9831355.43,10396724.43,3586534.54
350330,ARARAS,35,1785203.15,1956221.47,2275798.87,2377671.28,2461265.24,2646562.6,2812675.7,3198578.9,3425010.47,3695785.89,3762387.7,1267605.72
350400,ASSIS,35,3194677.11,3135669.91,3326000.68,3341427.16,3436130.79,3578697.48,3548285.48,3995091.45,4292862.55,4825986.54,4865330.5,1604220.18
350450,AVARE,35,2548637.53,2874039.35,3325143.84,3474199.88,3684688.32,3766767.58,3791563.33,4343275.02,4681729.13,4853089.14,5577933.8,2011353.44
350550,BARRETOS,35,3813485.18,4036285.14,4513002.15,5481236.05,5435062.39,5488928.18,5550786.63,5910306.93,6167958.12,6602330.54,6536568.53,2126356.56
350570,BARUERI,35,2499127.97,2620496.2,3210664.14,3487578.84,4513501.57,6490777.27,6162996.62,7499917.9,8920963.13,9889123.49,10613090.7,3595836.46
350590,BATATAIS,35,2627491.85,3029880.01,3373494.68,3454549.32,3877231.37,3862901.66,3732284.4,3957847.83,4297442.98,4812965.94,4925982.72,1663565.14
350600,BAURU,35,8807892.36,9423728.45,10215489.46,10311664.34,10068210.61,9956355.73,10135737.64,11448436.75,12093634.63,12758960.83,13514489.26,4783569.82
350610,BEBEDOURO,35,3405577.05,3737816.23,4492597.2,4892458.3,5038693.02,5256223.51,5466460.11,6086051.65,5965277.82,6267673.08,6501537.05,2266813.14
350750,BOTUCATU,35,5653354.3,5738363.72,6397589.02,6488760.85,6366656.14,6456898.71,6685933.24,7274582.83,7472926.35,7978437.09,7786901.29,2544514.42
350760,BRAGANCA PAULISTA,35,9449903.51,8617865.76,8799013.98,8906350.36,8975137.92,9498940.46,8706623.56,9641926.05,8977780.1,8881236.29,8802162.51,2909363.64
350950,CAMPINAS,35,19766798.82,22027434.93,24618243.83,25688034.71,24806023.73,24535394.62,24349882.87,25783332.7,29524484.99,31655160.86,32168756.33,10795859.31
350960,CAMPO LIMPO PAULISTA,35,0.0,0.0,0.0,1183495.97,3354654.17,4236905.05,4804698.74,5809107.46,6666714.69,7270646.34,7567180.08,2512861.07
351050,CARAGUATATUBA,35,0.0,0.0,1284943.15,5284100.61,5350485.11,5781866.04,6121572.2,7231580.13,7811479.64,8947215.86,8494996.76,2350736.71
351060,CARAPICUIBA,35,5517252.04,4103425.26,3559041.47,3523148.79,3634289.91,3730191.75,3510988.67,4079776.42,4195287.83,4514171.37,4257610.5,1433844.02
351110,CATANDUVA,35,2027052.52,2157078.47,2433819.3,2501196.01,2895337.96,2994440.22,2778124.23,3177293.62,3349354.17,3507789.59,3489747.63,1168124.02
351340,CRUZEIRO,35,1638297.58,1591681.33,1654812.58,1827927.99,1956408.06,2023507.85,1838541.9,2044574.09,841826.86,2027352.9,3481044.52,1189769.71
351350,CUBATAO,35,0.0,0.0,0.0,0.0,0.0,0.0,0.0,0.0,110846.2,2114998.95,2620406.81,939303.1
351380,DIADEMA,35,7776207.28,8477949.74,9604873.27,10272856.3,10642210.32,10455083.62,9711254.97,11251237.65,12010794.91,12054058.98,12853737.53,4304968.6
351440,DRACENA,35,2506152.63,2514056.49,2724432.17,2887080.08,2957244.58,2885542.5,2882168.9,3242028.67,3487890.38,4171433.22,4420080.84,1490009.41
351500,EMBU DAS ARTES,35,0.0,0.0,0.0,0.0,0.0,0.0,1657430.13,4832992.55,6433364.84,7365659.5,8353523.96,2888904.85
351550,FERNANDOPOLIS,35,4941896.22,5287721.16,5976041.83,6050542.01,6014940.42,6134685.52,6770836.73,7825611.22,8253002.81,8653864.37,8522310.03,2958114.98
351620,FRANCA,35,7742282.95,8058697.59,8886918.56,9216967.97,10054665.7,10874133.09,11237942.67,12106101.54,14236465.79,16496604.1,17169252.61,5029078.03
351630,FRANCISCO MORATO,35,0.0,0.0,0.0,0.0,0.0,0.0,3406383.36,4709892.12,6247130.66,7274701.8,6785425.75,2167462.92
351640,FRANCO DA ROCHA,35,4899130.5,4958847.22,5508893.53,5549534.89,5662974.23,5689627.57,5947130.89,6947732.06,8251398.26,8942747.54,8672793.23,3220217.75
351840,GUARATINGUETA,35,2966527.33,2364242.9,2855667.24,2899433.42,3239838.92,3230447.52,3184528.05,3370828.08,3903481.56,4113687.43,3958030.67,1006873.63
351870,GUARUJA,35,3771464.45,4155060.24,4231272.69,4323896.15,4282639.67,4213203.03,3913525.35,4350170.58,4746884.35,5295463.99,5381974.38,1865973.71
351880,GUARULHOS,35,16240606.71,16822541.8,17597068.81,17665266.68,18297932.21,19279887.49,19212483.47,21531317.72,23094675.7,26056200.47,27974438.07,9607050.43
351907,HORTOLANDIA,35,0.0,0.0,0.0,0.0,3164467.72,4514789.91,4258786.68,4990948.38,5856377.3,6543267.32,5175992.33,0.0
352044,ILHA SOLTEIRA,35,2288204.34,2232659.93,2135692.75,2109208.73,2202239.73,2288002.07,2037732.93,2111326.5,2232817.42,3062397.12,2852748.69,994689.14
352050,INDAIATUBA,35,2255701.36,2530917.33,2639679.53,2607277.92,2724011.55,3351227.17,3364497.57,3720156.4,4163905.37,5511875.06,6815843.12,2235912.85
352220,ITAPECERICA DA SERRA,35,3567395.45,4143859.59,5006892.86,5067591.25,5549206.44,6072446.18,6066950.48,6498018.06,6899412.86,7718519.46,7513733.77,2443038.2
352230,ITAPETININGA,35,5079613.05,5237417.51,5600138.14,5523042.64,5595500.26,5571030.22,5452637.8,4255134.65,7854655.6,8748866.5,8231485.21,2682682.45
352240,ITAPEVA,35,4208421.95,4308164.71,4623803.45,4970350.52,5509084.08,5580400.69,5578835.42,6325808.01,6614354.41,6967232.51,6958986.03,2324208.32
352250,ITAPEVI,35,0.0,0.0,0.0,0.0,0.0,0.0,0.0,0.0,3373040.5,3541267.38,1400662.55,0.0
352260,ITAPIRA,35,0.0,0.0,0.0,0.0,0.0,0.0,0.0,0.0,0.0,11310.4,10133.54,3765.42
352310,ITAQUAQUECETUBA,35,0.0,0.0,0.0,0.0,0.0,0.0,0.0,0.0,0.0,786704.17,4706814.42,1641402.91
352340,ITATIBA,35,0.0,0.0,0.0,1523586.21,2209558.01,2296240.65,2344370.39,2582011.61,2710910.82,2823146.36,3018804.04,1050700.28
352390,ITU,35,5485190.24,6000124.97,7179038.08,10336831.93,15206305.9,16525541.15,15513461.54,9289309.98,9730349.2,11128214.8,10873739.4,3656407.85
352410,ITUVERAVA,35,3268034.19,3398378.4,3148738.67,3140902.1,3107155.42,3371749.67,3094673.18,3293219.87,3965778.64,4382790.08,4662682.1,1561936.25
352430,JABOTICABAL,35,2843595.69,3114022.13,3406179.21,3507317.86,3776837.9,4173861.57,4021446.07,4471477.24,4653973.07,5392734.95,5230302.56,1870187.11
352440,JACAREI,35,2515995.83,2868242.31,3493314.89,4020524.11,4419971.11,4435737.41,4359824.56,4772301.58,5038935.12,5168289.84,5284581.58,1826182.24
352530,JAU,35,3278466.22,3555209.6,3923114.55,4078634.9,4579626.0,4982070.45,5092136.25,5413570.09,6045439.1,6818784.92,7184767.94,2096900.05
352590,JUNDIAI,35,6871958.91,7015437.97,8041390.88,7792595.24,7829464.59,7802762.78,6541155.71,6443187.84,5663002.4,5742792.53,5373040.59,1627662.4
352670,LEME,35,1903835.98,1622599.78,1951379.65,1870980.81,2441394.63,3060441.39,3217430.86,4014767.2,4520526.81,4615162.33,4961539.64,1681985.53
352690,LIMEIRA,35,2757468.58,2999334.47,3300267.79,3399899.0,3862996.74,4040163.72,3992452.28,4682457.01,4976806.53,5832830.09,6027222.99,2007381.04
352900,MARILIA,35,4818642.36,5123953.83,5538501.32,5686345.36,5965785.39,6184096.33,5998906.74,7001506.51,7844783.51,8817153.39,8900919.57,2923792.85
352930,MATAO,35,2170101.07,2486596.77,3030965.01,3917927.62,4386559.88,4462943.52,4410989.02,5072846.85,5193699.8,5768831.48,6026309.48,1975354.31
352940,MAUA,35,546693.08,0.0,0.0,0.0,0.0,0.0,0.0,0.0,0.0,418152.66,3187746.21,915198.84
353060,MOGI DAS CRUZES,35,5509381.2,5467302.63,5780380.09,5855725.76,6420045.82,8356353.83,8406336.88,9295758.37,9845527.39,11347329.95,11215896.94,3769137.14
353080,MOGI MIRIM,35,4274846.9,4765493.14,5380945.95,5374103.95,5350762.46,5515953.04,5146861.5,5892711.33,6139755.65,5579620.16,5254075.86,1728275.7
353390,OLIMPIA,35,0.0,0.0,0.0,0.0,0.0,0.0,0.0,0.0,437331.98,1593372.48,1715938.32,636495.45
353440,OSASCO,35,9322569.43,9018676.95,8797301.48,8514219.43,9573473.8,9388715.99,9150784.86,11058459.93,12011863.61,14256130.39,15264300.81,5425881.75
353470,OURINHOS,35,2839775.08,2825041.81,3145593.26,3183228.81,3278279.34,3596367.83,3727569.93,4412956.08,5096926.07,5625858.18,6238237.21,2299335.18
353620,PARIQUERA-ACU,35,3697080.88,4203948.15,4964630.89,5033502.68,5155934.7,5176401.47,5381295.6,6740116.76,7203289.18,7748661.96,7959774.08,2832258.37
353800,PINDAMONHANGABA,35,4058238.82,4137958.02,4435355.39,4640176.9,4853537.55,4980132.61,4536891.54,5124153.78,6208081.14,6731882.57,6695203.0,2202489.08
353870,PIRACICABA,35,6703502.49,6470727.4,6971626.44,6798605.07,6746322.49,6577298.38,7396325.23,8315866.1,8722314.03,9421805.3,9580623.58,3292075.95
353930,PIRASSUNUNGA,35,0.0,0.0,0.0,0.0,0.0,0.0,177887.2,1309678.78,1747778.06,2130012.52,2284000.42,812322.97
354100,PRAIA GRANDE,35,0.0,5400.0,321141.15,4220302.12,3858498.09,5003775.33,5196209.65,6008583.29,6509417.53,7121686.47,6705112.39,2003777.56
354130,PRESIDENTE EPITACIO,35,0.0,0.0,0.0,0.0,0.0,0.0,0.0,307708.59,1923938.42,2768749.12,2902369.47,991643.66
354140,PRESIDENTE PRUDENTE,35,7862776.22,7569835.73,8653844.28,9216881.74,8925939.03,8968743.04,9065005.37,9567874.92,9532512.8,10012008.62,9989601.23,3412655.25
354160,PROMISSAO,35,2546484.08,2997174.02,3536839.03,3498745.69,3459117.41,3460874.06,3211623.51,3410555.63,3813253.37,4234891.1,4436399.56,1486091.46
354340,RIBEIRAO PRETO,35,16826365.85,17671586.26,19513722.85,20944095.09,21174460.07,21293329.36,21181267.73,23183063.19,25399179.78,28391696.35,28559615.18,9714594.21
354390,RIO CLARO,35,2718308.59,2558402.35,2798865.72,3003803.34,3230256.36,3247017.37,3021434.33,3340118.19,3582864.07,3759215.28,3908605.42,1306962.89
354580,SANTA BARBARA D'OESTE,35,3633332.9,3656807.34,3651546.61,3471509.58,3445677.38,3190830.17,2996310.13,3442902.98,3871258.06,4277658.82,4466706.14,1470049.16
354730,SANTANA DE PARNAIBA,35,4004693.57,4424872.57,5039489.21,4989873.23,5567479.12,5616271.38,5437963.63,6582431.67,6499159.19,6161085.07,6698876.72,2273437.52
354780,SANTO ANDRE,35,6817894.57,6483946.91,7331112.77,8019204.29,8094276.76,8096396.84,8295488.36,9372717.99,10914729.98,11959459.07,11653707.9,3873176.45
354850,SANTOS,35,7004381.67,6830975.04,7851428.4,7810920.8,8137045.42,8318625.47,7815130.05,7976765.83,9848668.0,10938150.27,11879946.86,4458664.28
354870,SAO BERNARDO DO CAMPO,35,8355968.44,9221522.33,9657555.22,10353362.69,10547436.8,10410846.04,10408925.26,11275630.78,11763092.82,14481058.91,15423415.47,5068779.64
354880,SAO CAETANO DO SUL,35,5836372.13,6063773.1,6167686.31,6693729.21,7026499.75,7719044.15,7584065.58,7111473.68,7366239.51,7967863.98,7758076.3,2623378.45
354890,SAO CARLOS,35,3710782.17,3992164.6,4160355.34,4325861.0,4706254.43,5208310.06,5231983.53,6222978.06,6357694.46,6703955.63,6587687.26,2170100.97
354910,SAO JOAO DA BOA VISTA,35,6380336.78,6617649.32,7447603.66,7791890.21,7723404.94,8265197.33,7916666.35,8453743.58,9117932.66,9878823.95,10051009.47,3504066.76
354940,SAO JOAQUIM DA BARRA,35,0.0,0.0,548987.16,2243277.2,2875174.46,2713757.29,2464203.43,2627593.49,2739533.64,3022757.2,3610240.84,1268712.23
354970,SAO JOSE DO RIO PARDO,35,1622372.94,2004477.86,2068624.62,2556539.46,2853001.1,3005762.68,3140945.05,3955490.58,4668834.35,5703990.73,6183073.75,2143028.56
354980,SAO JOSE DO RIO PRETO,35,12502792.58,13509532.44,14821623.6,14697653.64,15098960.73,15727031.58,14631770.33,16203451.7,19094869.82,21307158.74,22269247.42,7614566.81
354990,SAO JOSE DOS CAMPOS,35,7742387.65,8659624.56,10118822.78,10163529.43,10256210.44,10414503.04,8984695.13,11298628.75,12842625.34,14461923.04,15405360.39,5201115.6
355030,SAO PAULO,35,180867255.49,187215012.36,203429366.31,203984564.94,207921445.09,208572716.94,202862718.33,229477261.53,243790094.99,270324227.8,275369317.74,92339861.9
355060,SAO ROQUE,35,2841895.04,2886002.83,3150995.64,4424216.35,1203678.56,0.0,0.0,0.0,0.0,0.0,0.0,0.0
355070,SAO SEBASTIAO,35,3339642.73,2688910.25,0.0,0.0,0.0,0.0,0.0,0.0,0.0,0.0,0.0,0.0
355100,SAO VICENTE,35,3581966.82,3276497.21,3475457.02,3048536.13,3049828.77,2769872.27,3051493.87,3948483.2,3645356.6,3682308.58,4218331.45,1310911.13
355150,SERRANA,35,0.0,0.0,0.0,0.0,0.0,2800.0,5000.0,600.0,0.0,0.0,0.0,0.0
355170,SERTAOZINHO,35,4535378.84,4597277.22,5552860.44,5613013.13,6280478.1,5981456.75,5978200.68,6778236.63,5898968.61,8049076.4,8105883.01,2824373.48
355220,SOROCABA,35,10798919.49,10212831.42,10848841.78,10858933.83,10591880.26,10204643.09,10163280.26,20465061.51,24304787.23,28338831.0,29240586.19,10076060.43
355240,SUMARE,35,8008298.63,8780859.85,10276319.8,12792079.11,12730991.61,12711849.37,11791481.31,12677785.0,15824564.79,16306299.06,15434437.17,5187205.68
355250,SUZANO,35,5585186.68,5419471.11,5394281.1,5440516.78,5935576.18,7175562.11,7427012.68,11527341.26,12555959.88,13143625.43,13050470.78,4665122.7
355280,TABOAO DA SERRA,35,9129196.14,9878973.09,10732830.7,10613798.72,10683997.29,12539904.62,12130230.19,13248251.42,16095682.79,17038747.02,16754809.96,5650575.39
355410,TAUBATE,35,9944327.39,10968947.95,12750147.29,13089467.33,12817500.71,13769544.15,13765296.61,15426996.52,15378574.11,16174467.42,16718144.48,5947135.15
355500,TUPA,35,2404657.3,2469652.52,2752300.78,3021863.41,3059658.45,3312044.32,3617921.12,4100614.38,4180232.73,4638653.54,4693995.23,1552544.19
355710,VOTUPORANGA,35,4538116.21,4825063.74,5661307.79,5783506.79,6319689.34,7035429.52,7002301.77,8365786.38,9428165.25,9831753.16,9997469.0,3388349.66
410140,APUCARANA,41,3042730.17,3222123.01,3922568.21,4319296.44,4533142.96,4362740.79,4359824.62,5046392.34,4973824.07,5579882.1,6068397.41,2093227.85
410150,ARAPONGAS,41,2001280.72,1980890.53,2125592.59,2356415.4,2350972.32,2360536.48,2371649.76,2977526.14,3475260.15,3515379.97,4367421.03,1568082.85
410180,ARAUCARIA,41,0.0,0.0,0.0,0.0,0.0,0.0,0.0,2324369.23,3378087.94,4511365.17,5002255.62,1667399.53
410400,CAMPINA GRANDE DO SUL,41,3632076.9,3800620.13,4782111.4,4619680.63,5111476.16,5003536.3,4947791.19,5782821.51,6310545.89,6381097.32,7513441.97,2553534.2
410420,CAMPO LARGO,41,2392964.87,2788866.41,3291900.39,3382698.33,4098596.54,4321815.56,3252986.46,3684990.47,4224249.51,4639584.58,6182063.8,2328389.59
410430,CAMPO MOURAO,41,3497645.26,3560843.79,3774288.98,4395302.23,4757254.51,5371466.55,5819313.84,6621014.65,7061342.67,7195163.5,7515968.96,2776488.07
410480,CASCAVEL,41,4614388.95,4663566.32,5015884.47,5446146.11,5831830.08,5709231.6,5600158.47,6586328.88,6716007.03,4841528.53,77305.22,49653.98
410490,CASTRO,41,1238825.47,1527087.62,2121879.42,2387678.47,2478496.69,2601373.4,2570295.56,2885937.84,1367310.37,1015200.23,3366109.88,1346937.68
410550,CIANORTE,41,2171699.51,2226966.15,2296765.23,2059984.18,2071426.79,2166856.15,2514279.99,2775849.74,3166522.39,3330140.09,3357087.13,864978.36
410580,COLOMBO,41,0.0,0.0,0.0,1795347.2,2595196.28,3363198.57,3311576.13,4134276.78,5159726.17,5560666.42,6204951.58,2093687.34
410590,COLORADO,41,0.0,0.0,0.0,0.0,0.0,0.0,1251898.92,1995356.45,2015915.08,2393586.42,2486782.51,872086.54
410640,CORNELIO PROCOPIO,41,7166360.06,7257842.65,7651662.98,7756694.37,8094650.9,8354414.9,7896248.72,8322818.5,8666976.93,9400786.8,10990998.56,3901317.42
410690,CURITIBA,41,21031176.4,20584978.81,22498926.59,22968124.94,23166803.2,24622802.08,23454482.35,26358969.05,30213580.03,34276864.55,35722675.04,11999446.41
410830,FOZ DO IGUACU,41,6045764.13,6809948.09,7627988.31,8126881.82,8861445.48,9398034.98,9294328.23,11269433.3,12121649.44,12290144.43,12658096.7,4377809.61
410840,FRANCISCO BELTRAO,41,2475149.53,2420777.53,2827391.19,2827575.49,2846377.97,3054471.1,2985777.65,3542839.53,3933844.71,4507312.19,5246289.62,1332768.67
410940,GUARAPUAVA,41,4640336.47,4621080.79,4867529.46,4878825.69,5061751.28,5280036.12,5421351.53,6070832.05,6535371.1,7309938.42,9254329.01,3195269.46
411070,IRATI,41,2136332.05,2066112.63,2280090.88,2463132.16,2424795.38,2487961.07,2618811.29,2921122.4,3216823.54,3712529.06,4519915.67,1465486.01
411150,IVAIPORA,41,3194143.06,3471841.34,3648846.85,3646400.35,3684205.6,3970011.79,4080507.52,4508455.8,4749982.11,4987215.34,5523078.09,1761769.16
411370,LONDRINA,41,11510677.85,10990867.43,12506611.01,12879997.29,14451697.22,16127329.45,16992235.96,18378357.87,19843786.82,21838568.2,22571723.04,7968402.14
411520,MARINGA,41,9430768.89,10192524.42,11030027.74,11548983.26,12327009.03,11997989.62,10977649.09,12531616.51,13967652.79,15270567.89,15921537.87,5384426.07
411580,MEDIANEIRA,41,0.0,0.0,0.0,0.0,0.0,0.0,0.0,0.0,0.0,0.0,0.0,1718.4
411820,PARANAGUA,41,2223751.5,2663887.13,3049317.59,3085109.39,3190569.35,3120886.89,3052316.06,4235699.01,4942991.98,5189829.22,6007188.49,2244950.89
411840,PARANAVAI,41,5361311.59,5398972.42,5883974.99,5818883.62,6001139.34,6039211.59,6338218.77,7205228.87,7451391.45,8114766.93,9095222.88,2950607.91
411850,PATO BRANCO,41,1981940.23,2041924.23,1833465.04,2233937.4,2376660.15,2358114.47,2598016.95,3365215.79,3803195.64,4432625.45,4503808.08,1119719.01
411990,PONTA GROSSA,41,4430744.91,4229329.18,5024169.78,5089595.79,5073853.0,4953161.9,4565385.82,5478700.54,6847462.13,8105608.05,8601278.9,3089492.03
412240,ROLANDIA,41,0.0,0.0,820019.0,3265213.06,2996000.43,3075002.61,3770974.74,6075426.86,7662244.08,8848288.46,10866684.97,3725247.45
412410,SANTO ANTONIO DA PLATINA,41,3666795.49,3943909.41,4499580.01,4759929.4,5281693.83,5516925.66,5733120.08,6414717.14,6907738.32,7502877.58,8496388.11,2972025.83
412550,SAO JOSE DOS PINHAIS,41,2841691.17,3225299.25,3751132.84,4568035.79,5043155.78,5023360.27,4545297.3,5482018.26,5863332.3,6062887.21,6774229.57,2211876.43
412710,TELEMACO BORBA,41,2236360.6,2005047.21,2042508.62,1985006.15,1960152.51,1860663.12,1599305.37,1430432.04,2557119.51,2750568.07,2714768.33,966083.8
412770,TOLEDO,41,2839370.75,2967002.62,3397825.88,3593485.9,3913045.64,4168759.17,4332429.33,4817099.54,5207748.57,5709892.09,6479377.7,2159225.46
412810,UMUARAMA,41,3590695.55,3816598.97,4497004.98,4873999.57,5224811.4,5005694.18,5215414.37,5745036.18,5967676.19,6193249.92,6760510.45,2424745.33
412820,UNIAO DA VITORIA,41,1226244.66,1151916.91,1513515.03,1714416.15,2109630.67,2304318.43,2324285.09,2582136.57,2638948.02,2808796.86,3307461.06,1074083.16
420140,ARARANGUA,42,1394799.39,1514527.82,1668431.56,1963078.62,1775316.62,1846339.24,1541879.75,1947600.89,2319109.99,2473608.61,2528205.16,944034.67
420200,BALNEARIO CAMBORIU,42,2756519.91,3265821.9,3774921.4,4355234.09,4913405.8,5340733.72,5589870.31,7108789.5,7654363.77,8681891.6,9530018.96,3050286.37
420240,BLUMENAU,42,3360338.28,3638734.58,3789721.57,3911911.09,3969776.86,4489598.94,4627702.96,5305349.88,6164931.28,7486286.45,7562422.33,2595574.35
420290,BRUSQUE,42,1969152.24,1950438.1,2314286.73,2572732.17,2735614.05,2863922.03,3054243.45,3578952.96,4390841.7,4759358.13,5254375.73,1746020.45
420420,CHAPECO,42,4619659.24,4626740.5,5062759.14,4843537.94,4885635.07,5019328.68,4909634.05,5517554.45,5575701.35,6683925.34,6791360.36,2404267.4
420430,CONCORDIA,42,1161035.93,1292763.29,1480454.46,1514689.82,1472757.51,1561416.21,1445963.04,1719602.26,1810865.03,2008232.1,1964739.73,715700.96
420460,CRICIUMA,42,4696877.59,5236116.68,6051390.43,6276866.97,6095528.59,5978801.61,5688543.06,6001459.16,6431304.07,7177303.29,7595263.0,2651635.5
420480,CURITIBANOS,42,1176190.68,1169747.95,1322648.47,1309981.36,1222710.14,1058279.47,1056111.61,1345416.99,1429153.74,1755370.45,2225929.34,869196.11
420540,FLORIANOPOLIS,42,4222847.82,4716757.92,5479020.06,6030842.88,6606642.33,6734334.1,6921879.16,7691014.67,7870875.5,9567661.91,9352318.12,3525149.7
420820,ITAJAI,42,3312196.34,3706982.38,4100466.73,4268491.38,5252596.33,5795499.04,6171167.01,8142321.9,9877232.51,11353175.09,12259104.53,4063765.67
420890,JARAGUA DO SUL,42,2047963.28,2250587.54,2334632.89,2539437.96,2647464.01,2544346.63,2625716.87,2969731.17,3514886.32,4288304.75,4617578.39,1592511.63
420900,JOACABA,42,1807829.04,1794530.1,2209039.82,2249299.15,2228908.63,186736.93,0.0,0.0,0.0,0.0,0.0,0.0
420910,JOINVILLE,42,8748507.81,8999132.94,10155454.55,10707503.55,11020179.72,10641336.83,9564319.67,10871879.69,12859432.23,15021344.02,15652775.81,5364493.89
420930,LAGES,42,2856958.82,3152366.89,3738504.56,3563311.52,4292939.93,4681359.39,4670851.07,5724992.99,6758377.79,7441697.05,7236760.59,2377589.51
421003,LUZERNA,42,0.0,0.0,0.0,0.0,0.0,0.0,1958365.81,2296463.76,2587974.13,3156722.31,3677557.52,1231029.26
421010,MAFRA,42,2824970.56,2842517.45,2903461.08,3130024.54,3047949.62,2845296.22,3041483.91,3319338.31,3404576.94,3637827.59,3582243.66,1301419.3
421480,RIO DO SUL,42,3195585.71,3447144.86,4102225.36,4194888.39,4177419.91,4515355.98,4720446.11,5254109.61,5683205.52,5940091.13,6024954.75,1903830.55
421580,SAO BENTO DO SUL,42,2295953.3,2548780.84,3151122.78,3429541.43,3586237.75,3573017.74,3418424.05,3826147.51,4281429.9,4267739.82,4224971.77,1414822.72
421660,SAO JOSE,42,2285172.9,2378263.98,2368956.51,2147741.37,2177394.17,2296524.12,2387710.54,2754112.7,2965552.67,3148467.55,3339463.61,1286824.56
421720,SAO MIGUEL DO OESTE,42,2754189.95,2809484.98,3170362.76,3250965.3,3186200.35,3386236.89,3444745.89,3859389.41,3965976.94,4331725.78,4300549.33,1362881.55
421820,TIMBO,42,1637279.35,1593095.52,1835496.53,2031309.1,2356120.89,2586746.19,2620388.8,3172947.29,3692805.1,3880677.11,3485326.63,1235666.44
421870,TUBARAO,42,3324787.47,3697454.39,4486912.02,5043616.18,5362168.04,5850780.19,5696254.08,6635094.26,7106818.82,8320135.72,8753382.34,3022545.77
421930,VIDEIRA,42,1736039.4,1616139.27,1895510.85,1964603.79,1853670.87,1782787.9,1745284.16,2216617.32,2608234.12,2775469.41,2568867.55,850038.44
421950,XANXERE,42,1626813.85,1499586.18,1404686.74,1579536.16,1603662.64,1712295.08,1595869.92,1866883.25,2236693.79,2466298.98,2610244.77,795611.71
430040,ALEGRETE,43,1361246.19,1487366.96,1599949.84,1551301.63,1696019.07,1848930.35,1889944.48,1861130.99,1971882.06,1910577.38,2367879.02,868001.69
430060,ALVORADA,43,3030393.11,3358690.4,3963667.23,4230407.7,4139476.94,4075214.45,4107579.88,4610524.58,4828015.61,4969365.6,5028449.56,1809001.61
430160,BAGE,43,2516782.78,2803335.45,3017716.92,2645169.14,2686612.14,2577600.04,2546520.62,2982829.47,3360119.47,3957855.11,4078954.54,1411944.16
430210,BENTO GONCALVES,43,1234525.12,1227676.07,1328242.13,1350260.3,1419839.21,1460315.97,1231053.66,1263836.22,1461284.26,1582031.27,1609637.64,554397.77
430300,CACHOEIRA DO SUL,43,3346247.45,3505324.8,3777709.48,3738519.15,3739032.67,3780160.23,3707622.27,3848984.45,3836959.99,4077689.29,4149935.37,1402135.38
430310,CACHOEIRINHA,43,3844746.2,3881614.93,3894036.26,3739745.54,4427911.48,4573085.46,4596184.21,4650309.56,4383247.15,4644578.94,4751994.54,1570719.27
430350,CAMAQUA,43,1682462.12,1827231.31,2267026.55,2340855.6,2305653.17,2226334.16,2026823.45,2250479.68,2490457.36,2603107.59,2721345.91,973305.76
430390,CAMPO BOM,43,2582618.77,2660118.15,2777346.38,2863896.43,3161899.36,3602523.23,3950026.95,4114756.45,4267175.56,5136453.22,5543264.76,1884038.5
430440,CANELA,43,290946.58,0.0,0.0,0.0,0.0,0.0,0.0,0.0,0.0,0.0,0.0,0.0
430460,CANOAS,43,4233115.43,4231722.83,4408947.19,4329619.66,3243063.9,2305391.41,2923383.03,3185106.71,4856001.02,6458315.19,6350027.71,1953938.73
430470,CARAZINHO,43,1372666.49,1412603.2,1736360.01,1818154.29,1796837.87,1908656.81,2009652.82,2473641.38,2390750.27,2234726.57,1983338.33,197080.24
430510,CAXIAS DO SUL,43,4777898.99,4970871.11,5136853.85,5066415.13,5498458.81,5749831.14,5784528.53,6529403.09,6634475.04,7023166.12,6819676.81,2242757.98
430610,CRUZ ALTA,43,2189390.81,2207713.57,2547313.69,2514619.87,2625548.47,2749466.43,2736627.95,2853788.2,3010548.5,3534303.5,3111106.69,986965.96
430700,ERECHIM,43,1528370.4,1696707.79,1880352.82,1983856.85,1934297.3,1963702.18,2038758.38,2210708.36,2933573.25,3421924.56,3464938.14,1208912.1
430770,ESTEIO,43,2735001.95,2784738.66,2635220.68,2658194.88,2685644.39,2242965.64,955791.16,1099545.5,1270944.38,2449707.87,2954308.5,1141138.47
430780,ESTRELA,43,403102.13,0.0,0.0,0.0,0.0,0.0,0.0,320446.63,2323303.4,2469200.99,2587156.74,824188.97
430850,FREDERICO WESTPHALEN,43,2113737.34,1619228.75,2245259.69,2341598.04,2467656.45,2644241.82,2770572.65,3062015.13,3200404.24,3557205.88,3588910.83,1322483.32
430920,GRAVATAI,43,3677685.28,3888340.27,4097828.35,4081466.77,4211867.95,4317188.8,4189040.15,4978710.45,5063834.51,5489627.15,5592557.95,1935953.02
430930,GUAIBA,43,2040278.57,1677728.31,1347836.52,1962795.09,2510590.15,2580550.71,3294625.89,4075430.69,3570762.95,4213989.45,4404062.22,1467167.95
431020,IJUI,43,2444357.55,2378297.67,2456887.21,2603697.82,2774850.2,3292928.81,3803688.14,4360177.95,4730100.05,4830017.26,4870868.26,1656595.6
431060,ITAQUI,43,490712.06,556364.79,551514.51,607985.56,696578.78,611851.86,686932.25,758974.38,726246.59,668710.47,647218.43,249898.82
431140,LAJEADO,43,2168108.43,2552317.92,2918103.95,3140261.65,3291149.75,3576497.02,3696923.79,4294876.09,3046287.35,3583319.07,3625558.97,1237917.85
431240,MONTENEGRO,43,2391279.85,2413195.81,2880439.0,2942560.27,3035037.65,3228730.34,2997369.83,3401685.52,3950523.09,4189346.83,4302483.91,1439218.23
431330,NOVA PRATA,43,947155.28,921688.69,902743.37,1085425.22,1117131.92,1041038.55,1223790.86,1455971.74,1719012.68,1808268.83,1712542.89,480646.33
431340,NOVO HAMBURGO,43,3391904.92,3704560.61,3976930.38,3884200.8,3717478.45,3763738.85,3471954.47,3738292.96,4313457.99,4575843.35,4732959.33,1519314.91
431350,OSORIO,43,4287405.96,4369962.66,4501664.24,4436008.73,4560642.56,4632262.95,4722752.11,5614546.43,5699993.47,5971887.45,5956393.74,1965318.96
431410,PASSO FUNDO,43,5177313.61,5383383.34,5561597.84,6105710.14,6755859.87,6874696.17,7295996.72,8607589.56,9877365.26,10255673.4,10431083.26,3745068.17
431440,PELOTAS,43,7930042.59,8322724.55,8889572.71,8459791.17,8277256.96,8483220.69,8645284.9,9659607.97,10745594.34,11360418.84,11785434.42,4022337.02
431490,PORTO ALEGRE,43,28405897.6,28788970.86,30444671.92,29860570.42,29722614.81,28548913.91,27161743.23,30963469.66,33767391.51,35157688.45,36282442.15,9196048.33
431560,RIO GRANDE,43,4331997.5,4281980.93,4206756.08,4097537.14,4603155.13,4857605.24,4956261.21,5686630.16,5685310.28,5911281.02,5573911.5,1819917.15
431640,ROSARIO DO SUL,43,1134646.99,1015950.83,1231888.84,1228120.95,1395215.11,1337579.03,1118544.19,1429014.91,1700470.92,1725877.53,1575860.2,573451.05
431680,SANTA CRUZ DO SUL,43,2696725.94,2486656.63,2968587.57,3182875.44,3428657.26,3618998.85,3699297.84,4319351.99,4556546.63,4806498.8,4874209.81,1576272.85
431690,SANTA MARIA,43,5885459.14,6261152.78,6891806.83,7101292.98,7150596.86,7431023.84,7466284.83,8941716.07,9963045.68,10072268.35,9577801.48,3250080.04
431710,SANT'ANA DO LIVRAMENTO,43,1414056.11,1449476.16,1509958.64,1533660.52,1626556.59,1599380.37,1692726.22,1842062.8,2335680.84,2889524.92,2957643.92,1007240.8
431720,SANTA ROSA,43,1926416.32,1908704.82,2112025.43,2486119.44,2394216.22,2579447.86,2974665.21,3296737.85,3821606.15,4304520.71,4185944.73,1295884.65
431740,SANTIAGO,43,598694.8,798110.29,836691.75,832175.6,868287.08,886038.45,921150.61,1311307.89,1427397.46,1659042.73,1511095.1,517619.12
431750,SANTO ANGELO,43,4388078.3,4190508.01,4304433.4,4707231.77,5310161.84,5044737.32,4617967.57,4919139.97,5305091.15,5690700.5,5494847.39,1735923.13
431800,SAO BORJA,43,1259241.49,1337717.69,1447112.01,1559626.79,1664396.29,1760105.87,1649084.41,1744966.31,1670475.73,1702670.47,1742350.45,567966.29
431830,SAO GABRIEL,43,1172183.39,1133117.05,1225254.1,1124503.05,1171080.88,1153652.77,1108714.87,1027166.77,1368046.68,1607192.26,1370652.2,389087.56
431870,SAO LEOPOLDO,43,3052022.94,3014499.19,3187725.76,3237624.29,3318741.87,3227615.64,3285487.33,3834110.86,4082004.87,4409762.84,4185668.86,1379369.79
431880,SAO LOURENCO DO SUL,43,748597.04,807612.29,792851.64,856396.57,805603.53,862841.69,941068.21,878711.23,817727.95,896143.4,967713.15,362489.76
432000,SAPUCAIA DO SUL,43,0.0,0.0,0.0,42717.79,1028745.7,1554244.39,1866080.67,1690442.62,1282873.67,0.0,0.0,0.0
432080,SOLEDADE,43,1118621.94,1145498.46,1269510.53,1291751.7,1181502.63,1183075.01,1222266.82,1489154.87,1459409.82,1613601.35,1679773.32,608034.42
432120,TAQUARA,43,2767927.19,3138511.08,3420535.17,3413655.72,3407722.59,3451512.14,3297952.56,3382601.42,3421371.78,3698367.53,3702985.01,1264384.68
432150,TORRES,43,1409379.98,1645855.73,1826302.87,2147082.48,2851632.76,3507644.27,3845005.87,4143672.9,3951011.66,4225372.68,4121297.83,1420869.29
432190,TRES PASSOS,43,0.0,0.0,0.0,0.0,0.0,0.0,0.0,0.0,0.0,0.0,1342.0,915.0
432240,URUGUAIANA,43,1136171.66,1271773.56,1399481.82,1103977.97,1268712.13,1475265.69,1466643.75,1814733.32,1672004.69,2022412.15,2043287.92,708332.87
432250,VACARIA,43,2168763.58,2353162.36,2602437.97,2421584.79,2507568.07,2693968.57,2554444.45,2831203.16,3100700.69,3410775.9,3435410.15,1087301.65
432260,VENANCIO AIRES,43,1723481.17,1723405.03,1938964.81,2104546.96,2227681.78,2517472.75,2411642.47,2550659.08,2273546.58,2526823.87,2579925.94,818899.66
432300,VIAMAO,43,1946260.41,2035323.01,2297902.58,2569556.43,2566487.59,2461451.13,2522343.13,2698824.99,3055118.34,3281054.33,3296742.06,666703.17
500110,AQUIDAUANA,50,2053193.88,2339188.17,2723926.24,2773524.38,2881582.23,2902681.77,2928384.67,3415828.85,3556797.0,3775086.28,3773872.84,1218922.38
500190,BATAGUASSU,50,0.0,0.0,0.0,0.0,0.0,0.0,0.0,0.0,0.0,582220.75,822489.27,355149.7
500270,CAMPO GRANDE,50,20995008.69,20823070.61,22817024.11,23396404.21,24325725.41,26239998.22,25721143.83,29410167.26,34492141.87,38664673.15,39471862.03,9732334.56
500320,CORUMBA,50,1934081.62,2031296.45,2451625.94,2974853.25,3278692.41,3598465.94,3797295.48,4312785.01,4307257.39,4648529.04,5024416.75,1802286.14
500325,COSTA RICA,50,0.0,0.0,0.0,0.0,0.0,0.0,0.0,136704.3,961604.51,1289171.04,1651820.7,616647.39
500330,COXIM,50,0.0,0.0,1227824.28,1472118.16,1568633.45,1672246.18,1714967.23,2009057.27,2461195.8,2677213.1,2637401.51,865477.84
500370,DOURADOS,50,4431058.39,5049398.36,5638303.14,6826885.34,6582191.55,6443046.58,6336340.19,7396104.21,7684841.0,7995130.28,7542676.57,2599389.83
500630,PARANAIBA,50,1847232.78,1900593.71,2235364.21,2401933.53,2516808.52,2363834.23,2567277.33,2700813.78,2696083.35,2725260.72,2649309.17,883175.37
500660,PONTA PORA,50,3281709.08,3193220.14,3415706.17,3485882.86,3870965.14,3862011.21,3571542.96,3916652.48,3962799.51,4201074.19,4569508.54,1571859.64
500830,TRES LAGOAS,50,1619436.84,1909575.23,1919554.49,1897926.61,2210867.45,2375812.42,2342257.63,2648560.3,2974254.77,3426911.84,3355957.25,1044680.99
510180,BARRA DO GARCAS,51,2664031.89,2737462.71,3110205.02,3551908.46,3983946.58,3742700.43,3237785.04,4073668.21,4706044.27,5543637.75,5688101.37,1489142.1
510250,CACERES,51,5146002.28,5192079.56,6059707.74,6105848.61,6382963.57,6403477.61,6325686.33,7602800.44,8225111.1,8454127.44,8727818.49,3048369.59
510340,CUIABA,51,15871684.66,15945037.73,17433412.22,18145994.31,19246662.97,19068946.41,19360794.29,22826939.39,24525150.03,26699785.42,27436542.52,9351611.5
510410,GUARANTA DO NORTE,51,0.0,0.0,0.0,0.0,0.0,0.0,0.0,0.0,0.0,0.0,800.0,400.0
510704,PRIMAVERA DO LESTE,51,0.0,0.0,0.0,0.0,0.0,0.0,0.0,520383.03,2326440.32,2480493.24,2759498.99,892052.82
510760,RONDONOPOLIS,51,7542520.4,8011396.76,8743869.18,7887979.46,7367222.78,7658434.46,8068221.21,9877710.08,10045586.45,11345744.48,12596148.22,4602768.32
510790,SINOP,51,4229568.4,4662405.81,5249060.96,5706021.05,6618364.97,7781964.48,7476332.81,8187354.44,9450384.06,10459458.02,9671871.35,2891063.93
510792,SORRISO,51,0.0,0.0,0.0,0.0,0.0,0.0,0.0,0.0,0.0,0.0,8588.08,2729.36
510795,TANGARA DA SERRA,51,3677271.03,3940954.98,4727860.16,4936340.98,4617910.52,4762066.07,4640822.43,5391257.18,5386291.47,5551073.94,5512782.9,1919788.43
510840,VARZEA GRANDE,51,2992603.39,3605525.27,4403313.85,5315743.6,5825078.04,6042100.82,6140985.95,7106745.44,7639747.45,9151056.06,10021858.09,3491998.52
520025,AGUAS LINDAS DE GOIAS,52,3231269.15,4153858.83,5436733.58,5208503.47,4870841.35,4385111.52,3801776.57,5618680.86,6245221.46,6270435.54,7059905.11,1711401.58
520110,ANAPOLIS,52,7241355.85,7349792.5,8369456.62,9011391.85,9344293.55,9093197.59,8318479.08,8886486.14,8777806.17,9078532.56,9455976.25,3004755.18
520140,APARECIDA DE GOIANIA,52,8274955.32,9132719.21,11584087.64,13307693.52,13868467.81,14083768.49,13816860.22,15378014.53,16643233.55,19466334.63,19632554.47,4843585.12
520450,CALDAS NOVAS,52,1260180.95,1454029.89,1453970.48,2494077.69,3520959.06,3538611.08,3505614.63,4062034.27,4323667.41,4388873.47,4282915.03,1434823.6
520510,CATALAO,52,3425779.16,3315570.78,3948874.98,3913283.85,4124967.82,4129525.83,3741199.19,4466337.67,4969760.61,5706754.44,5791537.53,1841078.09
520540,CERES,52,3656538.79,3453038.08,3839604.69,3985083.6,3928687.98,4035548.86,4176830.39,4715785.21,4707662.59,4627271.11,4711155.46,1588857.5
520800,FORMOSA,52,3490446.09,3514569.4,3654856.52,3731022.2,3792277.04,4061668.46,3106213.03,1409176.53,23198.4,42841.6,32212.8,2118.4
520860,GOIANESIA,52,4061392.02,3917961.08,4403749.64,4447992.83,4387631.52,4499389.02,4410644.38,4884153.93,3857363.08,4140911.56,4083334.51,1313415.19
520870,GOIANIA,52,41275873.16,40454259.02,42097359.45,41581175.99,42039115.03,40571900.25,37976418.52,41656229.73,45121304.79,48912299.62,51004665.66,16450453.02
521020,IPORA,52,1888152.25,2096295.99,2465276.49,2347865.14,2403342.74,2410067.05,2654383.86,3124426.63,3355207.68,3851549.02,3857980.25,1297222.58
521150,ITUMBIARA,52,2021048.28,2123652.58,2309982.23,2423525.78,2459127.91,2771733.18,2788883.32,3147727.71,3605793.12,4164178.84,3849692.81,1506576.66
521190,JATAI,52,3284110.41,3500322.15,4122116.91,4320034.27,4290648.36,4743555.11,4390561.01,5174072.06,5662302.17,6403757.58,5602004.72,1611334.68
521250,LUZIANIA,52,2464197.15,2433184.78,2575453.28,2516097.39,2678019.19,2993958.83,2979724.67,3447737.4,4655978.3,5257162.6,4855594.83,1962465.2
521310,MINEIROS,52,0.0,0.0,0.0,0.0,0.0,0.0,0.0,0.0,0.0,0.0,4036.8,174042.96
521800,PORANGATU,52,3795148.9,4365444.8,4548157.32,4539637.7,4736106.03,4782293.09,4298684.29,4107997.07,4658951.64,5010436.41,5010994.88,1681519.13
521880,RIO VERDE,52,5911692.8,5720585.62,6507750.78,7167166.18,7568337.96,7177746.66,6903947.52,8122505.52,9318023.89,10133811.27,10150049.83,3404408.84
522010,SAO LUIS DE MONTES BELOS,52,0.0,937751.06,1770929.35,1547792.5,1748284.1,1737665.27,1704287.68,2113680.28,2444131.81,2802814.67,2859428.66,959613.27
522160,URUACU,52,0.0,0.0,0.0,0.0,0.0,0.0,0.0,500070.61,2056753.62,2076408.2,2367381.12,810217.3
522185,VALPARAISO DE GOIAS,52,4630210.62,4796321.2,5152647.05,5094979.13,5749418.84,6659239.84,6816008.24,8202822.24,8954828.24,9084955.66,9420366.44,3261340.12
530010,BRASILIA,53,25649535.16,25196754.25,26731089.94,28807135.54,35617735.27,35954106.06,35465721.61,37540951.84,41769607.8,43747767.03,43382189.7,15770156.7
